Time,header.seq,header.stamp.secs,header.stamp.nsecs,header.frame_id,quality,latitude,longitude,altitude,utm_easting,utm_northing,zone_number,zone_letter
1697467219.2670367,1,161731,799999999,GPS1_Frame,5,42.339027404785156,-71.0848617553711,4.14900016784668,328252.65625,4689524.5,19,T
1697467219.3396096,2,161732,799999999,GPS1_Frame,5,42.339027404785156,-71.0848617553711,4.15500020980835,328252.65625,4689524.5,19,T
1697467219.4122787,3,161733,799999999,GPS1_Frame,5,42.339027404785156,-71.0848617553711,4.163000106811523,328252.65625,4689524.5,19,T
1697467219.4849074,4,161734,799999999,GPS1_Frame,5,42.339027404785156,-71.0848617553711,4.160999774932861,328252.65625,4689524.5,19,T
1697467219.5576103,5,161735,799999999,GPS1_Frame,5,42.339027404785156,-71.0848617553711,4.164999961853027,328252.65625,4689524.5,19,T
1697467219.6303697,6,161736,799999999,GPS1_Frame,5,42.339027404785156,-71.0848617553711,4.164999961853027,328252.65625,4689524.5,19,T
1697467219.7029722,7,161737,799999999,GPS1_Frame,5,42.339027404785156,-71.0848617553711,4.166999816894531,328252.65625,4689524.5,19,T
1697467219.7754242,8,161738,799999999,GPS1_Frame,5,42.339027404785156,-71.0848617553711,4.171000003814697,328252.65625,4689524.5,19,T
1697467219.8480215,9,161739,799999999,GPS1_Frame,5,42.339027404785156,-71.0848617553711,4.175000190734863,328252.65625,4689524.5,19,T
1697467219.9209633,10,161740,799999999,GPS1_Frame,5,42.339027404785156,-71.0848617553711,4.176000118255615,328252.65625,4689524.5,19,T
1697467219.9934635,11,161741,799999999,GPS1_Frame,5,42.339027404785156,-71.0848617553711,4.182000160217285,328252.65625,4689524.5,19,T
1697467220.0667481,12,161742,799999999,GPS1_Frame,5,42.339027404785156,-71.0848617553711,4.185999870300293,328252.65625,4689524.5,19,T
1697467220.1393938,13,161743,799999999,GPS1_Frame,5,42.339027404785156,-71.0848617553711,4.191999912261963,328252.65625,4689524.5,19,T
1697467220.212511,14,161744,799999999,GPS1_Frame,5,42.339027404785156,-71.0848617553711,4.195000171661377,328252.65625,4689524.5,19,T
1697467220.2851586,15,161745,799999999,GPS1_Frame,5,42.339027404785156,-71.0848617553711,4.198999881744385,328252.65625,4689524.5,19,T
1697467220.357919,16,161746,799999999,GPS1_Frame,5,42.339027404785156,-71.0848617553711,4.196000099182129,328252.65625,4689524.5,19,T
1697467220.4308608,17,161747,799999999,GPS1_Frame,5,42.339027404785156,-71.0848617553711,4.203000068664551,328252.65625,4689524.5,19,T
1697467220.5034645,18,161748,799999999,GPS1_Frame,5,42.339027404785156,-71.0848617553711,4.199999809265137,328252.65625,4689524.5,19,T
1697467220.576062,19,161749,799999999,GPS1_Frame,5,42.339027404785156,-71.0848617553711,4.201000213623047,328252.6875,4689524.5,19,T
1697467220.6488097,20,161750,799999999,GPS1_Frame,5,42.339027404785156,-71.0848617553711,4.210000038146973,328252.6875,4689524.5,19,T
1697467220.721265,21,161751,799999999,GPS1_Frame,5,42.339027404785156,-71.0848617553711,4.210000038146973,328252.6875,4689524.5,19,T
1697467220.7943876,22,161752,799999999,GPS1_Frame,5,42.339027404785156,-71.0848617553711,4.2170000076293945,328252.6875,4689524.5,19,T
1697467220.8668308,23,161753,799999999,GPS1_Frame,5,42.339027404785156,-71.0848617553711,4.2220001220703125,328252.6875,4689524.5,19,T
1697467220.9396267,24,161754,799999999,GPS1_Frame,5,42.339027404785156,-71.0848617553711,4.224999904632568,328252.6875,4689524.5,19,T
1697467221.012439,25,161755,799999999,GPS1_Frame,5,42.339027404785156,-71.0848617553711,4.2220001220703125,328252.6875,4689524.5,19,T
1697467221.085319,26,161756,799999999,GPS1_Frame,5,42.339027404785156,-71.0848617553711,4.22599983215332,328252.6875,4689524.5,19,T
1697467221.1575437,27,161757,799999999,GPS1_Frame,5,42.339027404785156,-71.0848617553711,4.230999946594238,328252.6875,4689524.5,19,T
1697467221.230364,28,161758,799999999,GPS1_Frame,5,42.339027404785156,-71.0848617553711,4.229000091552734,328252.6875,4689524.5,19,T
1697467221.3034124,29,161759,799999999,GPS1_Frame,5,42.339027404785156,-71.0848617553711,4.235000133514404,328252.6875,4689524.5,19,T
1697467221.376603,30,161800,799999999,GPS1_Frame,5,42.339027404785156,-71.0848617553711,4.23799991607666,328252.6875,4689524.5,19,T
1697467221.449526,31,161801,799999999,GPS1_Frame,5,42.339027404785156,-71.0848617553711,4.244999885559082,328252.6875,4689524.5,19,T
1697467221.5222485,32,161802,799999999,GPS1_Frame,5,42.339027404785156,-71.0848617553711,4.23799991607666,328252.6875,4689524.5,19,T
1697467221.5948415,33,161803,799999999,GPS1_Frame,5,42.339027404785156,-71.0848617553711,4.24399995803833,328252.6875,4689524.5,19,T
1697467221.6678486,34,161804,799999999,GPS1_Frame,5,42.339027404785156,-71.0848617553711,4.24399995803833,328252.6875,4689524.5,19,T
1697467221.7402234,35,161805,799999999,GPS1_Frame,5,42.339027404785156,-71.0848617553711,4.247000217437744,328252.6875,4689524.5,19,T
1697467221.8135233,36,161806,799999999,GPS1_Frame,5,42.339027404785156,-71.0848617553711,4.244999885559082,328252.6875,4689524.5,19,T
1697467221.8859208,37,161807,799999999,GPS1_Frame,5,42.339027404785156,-71.0848617553711,4.242000102996826,328252.6875,4689524.5,19,T
1697467221.9588473,38,161808,799999999,GPS1_Frame,5,42.339027404785156,-71.0848617553711,4.245999813079834,328252.6875,4689524.5,19,T
1697467222.0320277,39,161809,799999999,GPS1_Frame,5,42.339027404785156,-71.0848617553711,4.245999813079834,328252.6875,4689524.5,19,T
1697467222.1044343,40,161810,799999999,GPS1_Frame,5,42.339027404785156,-71.0848617553711,4.251999855041504,328252.6875,4689524.5,19,T
1697467222.1771827,41,161811,799999999,GPS1_Frame,5,42.339027404785156,-71.0848617553711,4.251999855041504,328252.6875,4689524.5,19,T
1697467222.249752,42,161812,799999999,GPS1_Frame,5,42.339027404785156,-71.0848617553711,4.257999897003174,328252.6875,4689524.5,19,T
1697467222.3224812,43,161813,799999999,GPS1_Frame,5,42.339027404785156,-71.0848617553711,4.260000228881836,328252.6875,4689524.5,19,T
1697467222.395174,44,161814,799999999,GPS1_Frame,5,42.339027404785156,-71.0848617553711,4.263000011444092,328252.6875,4689524.5,19,T
1697467222.4674673,45,161815,799999999,GPS1_Frame,5,42.339027404785156,-71.0848617553711,4.265999794006348,328252.6875,4689524.5,19,T
1697467222.5404828,46,161816,799999999,GPS1_Frame,5,42.339027404785156,-71.0848617553711,4.261000156402588,328252.6875,4689524.5,19,T
1697467222.6132271,47,161817,799999999,GPS1_Frame,5,42.339027404785156,-71.0848617553711,4.264999866485596,328252.71875,4689524.5,19,T
1697467222.6857193,48,161818,799999999,GPS1_Frame,5,42.339027404785156,-71.0848617553711,4.270999908447266,328252.71875,4689524.5,19,T
1697467222.758197,49,161819,799999999,GPS1_Frame,5,42.339027404785156,-71.0848617553711,4.270999908447266,328252.71875,4689524.5,19,T
1697467222.8311815,50,161820,799999999,GPS1_Frame,5,42.339027404785156,-71.0848617553711,4.270999908447266,328252.71875,4689524.5,19,T
1697467222.9040773,51,161821,799999999,GPS1_Frame,5,42.339027404785156,-71.0848617553711,4.263999938964844,328252.71875,4689524.5,19,T
1697467222.9762456,52,161822,799999999,GPS1_Frame,5,42.339027404785156,-71.0848617553711,4.258999824523926,328252.71875,4689524.5,19,T
1697467223.0490503,53,161823,799999999,GPS1_Frame,5,42.339027404785156,-71.0848617553711,4.26200008392334,328252.71875,4689524.5,19,T
1697467223.1217883,54,161824,799999999,GPS1_Frame,5,42.339027404785156,-71.0848617553711,4.263000011444092,328252.71875,4689524.5,19,T
1697467223.1943715,55,161825,799999999,GPS1_Frame,5,42.339027404785156,-71.0848617553711,4.260000228881836,328252.71875,4689524.5,19,T
1697467223.2670872,56,161826,799999999,GPS1_Frame,5,42.339027404785156,-71.0848617553711,4.264999866485596,328252.71875,4689524.5,19,T
1697467223.3397365,57,161827,799999999,GPS1_Frame,5,42.339027404785156,-71.0848617553711,4.263000011444092,328252.71875,4689524.5,19,T
1697467223.4124746,58,161828,799999999,GPS1_Frame,5,42.339027404785156,-71.0848617553711,4.264999866485596,328252.71875,4689524.5,19,T
1697467223.4849331,59,161829,799999999,GPS1_Frame,5,42.339027404785156,-71.0848617553711,4.261000156402588,328252.71875,4689524.5,19,T
1697467223.5570977,60,161830,799999999,GPS1_Frame,5,42.339027404785156,-71.0848617553711,4.260000228881836,328252.71875,4689524.5,19,T
1697467223.6285484,61,161831,799999999,GPS1_Frame,5,42.339027404785156,-71.0848617553711,4.257999897003174,328252.71875,4689524.5,19,T
1697467223.70149,62,161832,799999999,GPS1_Frame,5,42.339027404785156,-71.0848617553711,4.251999855041504,328252.71875,4689524.5,19,T
1697467223.7728505,63,161833,799999999,GPS1_Frame,5,42.339027404785156,-71.0848617553711,4.254000186920166,328252.71875,4689524.5,19,T
1697467223.8436134,64,161834,799999999,GPS1_Frame,5,42.339027404785156,-71.0848617553711,4.256999969482422,328252.71875,4689524.5,19,T
1697467223.9150708,65,161835,799999999,GPS1_Frame,5,42.339027404785156,-71.0848617553711,4.267000198364258,328252.71875,4689524.5,19,T
1697467223.9854388,66,161836,799999999,GPS1_Frame,5,42.339027404785156,-71.0848617553711,4.267000198364258,328252.71875,4689524.5,19,T
1697467224.0572581,67,161837,799999999,GPS1_Frame,5,42.339027404785156,-71.0848617553711,4.261000156402588,328252.71875,4689524.5,19,T
1697467224.1301043,68,161838,799999999,GPS1_Frame,5,42.339027404785156,-71.0848617553711,4.25600004196167,328252.71875,4689524.5,19,T
1697467224.2027104,69,161839,799999999,GPS1_Frame,5,42.339027404785156,-71.0848617553711,4.250999927520752,328252.71875,4689524.5,19,T
1697467224.2737982,70,161840,799999999,GPS1_Frame,5,42.339027404785156,-71.0848617553711,4.248000144958496,328252.71875,4689524.5,19,T
1697467224.3462527,71,161841,799999999,GPS1_Frame,5,42.339027404785156,-71.0848617553711,4.242000102996826,328252.71875,4689524.5,19,T
1697467224.4190812,72,161842,799999999,GPS1_Frame,5,42.339027404785156,-71.0848617553711,4.241000175476074,328252.71875,4689524.5,19,T
1697467224.4903262,73,161843,799999999,GPS1_Frame,5,42.339027404785156,-71.0848617553711,4.238999843597412,328252.71875,4689524.5,19,T
1697467224.5633469,74,161844,799999999,GPS1_Frame,5,42.339027404785156,-71.0848617553711,4.241000175476074,328252.71875,4689524.5,19,T
1697467224.636319,75,161845,799999999,GPS1_Frame,5,42.339027404785156,-71.0848617553711,4.239999771118164,328252.71875,4689524.5,19,T
1697467224.7091906,76,161846,799999999,GPS1_Frame,5,42.339027404785156,-71.0848617553711,4.236999988555908,328252.71875,4689524.5,19,T
1697467224.7813444,77,161847,799999999,GPS1_Frame,5,42.339027404785156,-71.0848617553711,4.234000205993652,328252.71875,4689524.5,19,T
1697467224.8542414,78,161848,799999999,GPS1_Frame,5,42.339027404785156,-71.0848617553711,4.267000198364258,328252.71875,4689524.5,19,T
1697467224.9264996,79,161849,799999999,GPS1_Frame,5,42.339027404785156,-71.0848617553711,4.258999824523926,328252.71875,4689524.5,19,T
1697467224.9990432,80,161850,799999999,GPS1_Frame,5,42.339027404785156,-71.0848617553711,4.28000020980835,328252.71875,4689524.5,19,T
1697467225.0721743,81,161851,799999999,GPS1_Frame,5,42.339027404785156,-71.0848617553711,4.289999961853027,328252.6875,4689524.5,19,T
1697467225.1447787,82,161852,799999999,GPS1_Frame,5,42.339027404785156,-71.0848617553711,4.303999900817871,328252.6875,4689524.5,19,T
1697467225.217469,83,161853,799999999,GPS1_Frame,5,42.339027404785156,-71.0848617553711,4.314000129699707,328252.6875,4689524.5,19,T
1697467225.2899554,84,161854,799999999,GPS1_Frame,5,42.339027404785156,-71.0848617553711,4.327000141143799,328252.6875,4689524.5,19,T
1697467225.3623102,85,161855,799999999,GPS1_Frame,5,42.339027404785156,-71.0848617553711,4.3429999351501465,328252.6875,4689524.5,19,T
1697467225.4347308,86,161856,799999999,GPS1_Frame,5,42.339027404785156,-71.0848617553711,4.361999988555908,328252.65625,4689524.5,19,T
1697467225.5075812,87,161857,799999999,GPS1_Frame,5,42.339027404785156,-71.0848617553711,4.389999866485596,328252.65625,4689524.5,19,T
1697467225.580448,88,161858,799999999,GPS1_Frame,5,42.339027404785156,-71.0848617553711,4.416999816894531,328252.625,4689524.5,19,T
1697467225.653145,89,161859,799999999,GPS1_Frame,5,42.339027404785156,-71.0848617553711,4.439000129699707,328252.625,4689524.5,19,T
1697467225.7255392,90,161900,799999999,GPS1_Frame,5,42.339027404785156,-71.0848617553711,4.456999778747559,328252.625,4689524.5,19,T
1697467225.7982342,91,161901,799999999,GPS1_Frame,5,42.339027404785156,-71.0848617553711,4.47599983215332,328252.625,4689524.5,19,T
1697467225.871213,92,161902,799999999,GPS1_Frame,5,42.339027404785156,-71.0848617553711,4.488999843597412,328252.625,4689524.5,19,T
1697467225.9436886,93,161903,799999999,GPS1_Frame,5,42.339027404785156,-71.0848617553711,4.495999813079834,328252.625,4689524.5,19,T
1697467226.015891,94,161904,799999999,GPS1_Frame,5,42.339027404785156,-71.0848617553711,4.508999824523926,328252.59375,4689524.5,19,T
1697467226.0887413,95,161905,799999999,GPS1_Frame,5,42.339027404785156,-71.0848617553711,4.519000053405762,328252.59375,4689524.5,19,T
1697467226.161226,96,161906,799999999,GPS1_Frame,5,42.339027404785156,-71.0848617553711,4.52400016784668,328252.59375,4689524.5,19,T
1697467226.234055,97,161907,799999999,GPS1_Frame,5,42.339027404785156,-71.0848617553711,4.534999847412109,328252.59375,4689524.5,19,T
1697467226.3070445,98,161908,799999999,GPS1_Frame,5,42.339027404785156,-71.0848617553711,4.539000034332275,328252.59375,4689524.5,19,T
1697467226.3794403,99,161909,799999999,GPS1_Frame,5,42.339027404785156,-71.0848617553711,4.545000076293945,328252.59375,4689524.5,19,T
1697467226.452111,100,161910,799999999,GPS1_Frame,5,42.339027404785156,-71.0848617553711,4.553999900817871,328252.59375,4689524.0,19,T
1697467226.5249386,101,161911,799999999,GPS1_Frame,5,42.339027404785156,-71.0848617553711,4.556000232696533,328252.59375,4689524.0,19,T
1697467226.5974705,102,161912,799999999,GPS1_Frame,5,42.339027404785156,-71.0848617553711,4.574999809265137,328252.59375,4689524.0,19,T
1697467226.6696894,103,161913,799999999,GPS1_Frame,5,42.339027404785156,-71.0848617553711,4.590000152587891,328252.59375,4689524.0,19,T
1697467226.7422974,104,161914,799999999,GPS1_Frame,5,42.339027404785156,-71.0848617553711,4.599999904632568,328252.59375,4689524.0,19,T
1697467226.8150523,105,161915,799999999,GPS1_Frame,5,42.339027404785156,-71.0848617553711,4.614999771118164,328252.59375,4689524.0,19,T
1697467226.8882506,106,161916,799999999,GPS1_Frame,5,42.339027404785156,-71.0848617553711,4.626999855041504,328252.59375,4689524.0,19,T
1697467226.9608164,107,161917,799999999,GPS1_Frame,5,42.339027404785156,-71.0848617553711,4.625999927520752,328252.59375,4689524.0,19,T
1697467227.0335014,108,161918,799999999,GPS1_Frame,5,42.339027404785156,-71.0848617553711,4.626999855041504,328252.59375,4689524.0,19,T
1697467227.1064222,109,161919,799999999,GPS1_Frame,5,42.339027404785156,-71.0848617553711,4.627999782562256,328252.59375,4689524.0,19,T
1697467227.1790667,110,161920,799999999,GPS1_Frame,5,42.339027404785156,-71.0848617553711,4.630000114440918,328252.59375,4689524.0,19,T
1697467227.252086,111,161921,799999999,GPS1_Frame,5,42.339027404785156,-71.0848617553711,4.646999835968018,328252.59375,4689524.0,19,T
1697467227.325183,112,161922,799999999,GPS1_Frame,5,42.339027404785156,-71.0848617553711,4.660999774932861,328252.59375,4689524.0,19,T
1697467227.3976226,113,161923,799999999,GPS1_Frame,5,42.339027404785156,-71.0848617553711,4.672999858856201,328252.59375,4689524.0,19,T
1697467227.4709432,114,161924,799999999,GPS1_Frame,5,42.339027404785156,-71.0848617553711,4.682000160217285,328252.59375,4689524.0,19,T
1697467227.5428116,115,161925,799999999,GPS1_Frame,5,42.339027404785156,-71.0848617553711,4.689000129699707,328252.59375,4689524.0,19,T
1697467227.615596,116,161926,799999999,GPS1_Frame,5,42.339027404785156,-71.0848617553711,4.697999954223633,328252.59375,4689524.0,19,T
1697467227.6877446,117,161927,799999999,GPS1_Frame,5,42.339027404785156,-71.0848617553711,4.690000057220459,328252.59375,4689524.0,19,T
1697467227.7604585,118,161928,799999999,GPS1_Frame,5,42.339027404785156,-71.0848617553711,4.703000068664551,328252.59375,4689524.0,19,T
1697467227.8332846,119,161929,799999999,GPS1_Frame,5,42.339027404785156,-71.0848617553711,4.704999923706055,328252.59375,4689524.0,19,T
1697467227.9054563,120,161930,799999999,GPS1_Frame,5,42.339027404785156,-71.0848617553711,4.697000026702881,328252.59375,4689524.0,19,T
1697467227.9784634,121,161931,799999999,GPS1_Frame,5,42.339027404785156,-71.0848617553711,4.691999912261963,328252.59375,4689524.0,19,T
1697467228.0512006,122,161932,799999999,GPS1_Frame,5,42.339027404785156,-71.0848617553711,4.702000141143799,328252.59375,4689524.0,19,T
1697467228.1238687,123,161933,799999999,GPS1_Frame,5,42.339027404785156,-71.0848617553711,4.714000225067139,328252.59375,4689524.0,19,T
1697467228.196423,124,161934,799999999,GPS1_Frame,5,42.339027404785156,-71.0848617553711,4.728000164031982,328252.5625,4689524.0,19,T
1697467228.2688103,125,161935,799999999,GPS1_Frame,5,42.339027404785156,-71.0848617553711,4.728000164031982,328252.5625,4689524.0,19,T
1697467228.341664,126,161936,799999999,GPS1_Frame,5,42.339027404785156,-71.0848617553711,4.745999813079834,328252.59375,4689524.0,19,T
1697467228.4143624,127,161937,799999999,GPS1_Frame,5,42.339027404785156,-71.0848617553711,4.745999813079834,328252.59375,4689524.0,19,T
1697467228.4870813,128,161938,799999999,GPS1_Frame,5,42.339027404785156,-71.0848617553711,4.752999782562256,328252.59375,4689524.0,19,T
1697467228.5592458,129,161939,799999999,GPS1_Frame,5,42.339027404785156,-71.0848617553711,4.749000072479248,328252.59375,4689524.0,19,T
1697467228.6314733,130,161940,799999999,GPS1_Frame,5,42.339027404785156,-71.0848617553711,4.754000186920166,328252.59375,4689524.0,19,T
1697467228.7044325,131,161941,799999999,GPS1_Frame,5,42.339027404785156,-71.0848617553711,4.747000217437744,328252.59375,4689524.0,19,T
1697467228.776513,132,161942,799999999,GPS1_Frame,5,42.339027404785156,-71.0848617553711,4.741000175476074,328252.59375,4689524.0,19,T
1697467228.848714,133,161943,799999999,GPS1_Frame,5,42.339027404785156,-71.0848617553711,4.7220001220703125,328252.59375,4689524.0,19,T
1697467228.9212663,134,161944,799999999,GPS1_Frame,5,42.33902359008789,-71.0848617553711,4.71999979019165,328252.59375,4689524.0,19,T
1697467228.9944105,135,161945,799999999,GPS1_Frame,5,42.33902359008789,-71.0848617553711,4.7170000076293945,328252.59375,4689524.0,19,T
1697467229.0668328,136,161946,799999999,GPS1_Frame,5,42.33902359008789,-71.0848617553711,4.716000080108643,328252.59375,4689524.0,19,T
1697467229.1397216,137,161947,799999999,GPS1_Frame,5,42.33902359008789,-71.0848617553711,4.705999851226807,328252.59375,4689524.0,19,T
1697467229.2123532,138,161948,799999999,GPS1_Frame,5,42.33902359008789,-71.0848617553711,4.710999965667725,328252.59375,4689524.0,19,T
1697467229.285186,139,161949,799999999,GPS1_Frame,5,42.33902359008789,-71.0848617553711,4.709000110626221,328252.59375,4689524.0,19,T
1697467229.3577163,140,161950,799999999,GPS1_Frame,5,42.33902359008789,-71.0848617553711,4.704999923706055,328252.625,4689524.0,19,T
1697467229.4303503,141,161951,799999999,GPS1_Frame,5,42.33902359008789,-71.0848617553711,4.708000183105469,328252.625,4689524.0,19,T
1697467229.5029926,142,161952,799999999,GPS1_Frame,5,42.33902359008789,-71.0848617553711,4.71999979019165,328252.625,4689524.0,19,T
1697467229.5753834,143,161953,799999999,GPS1_Frame,5,42.33902359008789,-71.0848617553711,4.728000164031982,328252.625,4689524.0,19,T
1697467229.6484184,144,161954,799999999,GPS1_Frame,5,42.33902359008789,-71.0848617553711,4.730999946594238,328252.625,4689524.0,19,T
1697467229.7201552,145,161955,799999999,GPS1_Frame,5,42.33902359008789,-71.0848617553711,4.728000164031982,328252.625,4689524.0,19,T
1697467229.793497,146,161956,799999999,GPS1_Frame,5,42.33902359008789,-71.0848617553711,4.736000061035156,328252.65625,4689524.0,19,T
1697467229.8666155,147,161957,799999999,GPS1_Frame,5,42.33902359008789,-71.0848617553711,4.736999988555908,328252.65625,4689524.0,19,T
1697467229.9388049,148,161958,799999999,GPS1_Frame,5,42.33902359008789,-71.0848617553711,4.738999843597412,328252.65625,4689524.0,19,T
1697467230.011564,149,161959,799999999,GPS1_Frame,5,42.33902359008789,-71.0848617553711,4.736999988555908,328252.65625,4689524.0,19,T
1697467230.0845253,150,162000,799999999,GPS1_Frame,5,42.33902359008789,-71.0848617553711,4.738999843597412,328252.65625,4689524.0,19,T
1697467230.1567078,151,162001,799999999,GPS1_Frame,5,42.33902359008789,-71.0848617553711,4.735000133514404,328252.65625,4689524.0,19,T
1697467230.2292717,152,162002,799999999,GPS1_Frame,5,42.33902359008789,-71.0848617553711,4.736999988555908,328252.65625,4689524.0,19,T
1697467230.3015382,153,162003,799999999,GPS1_Frame,5,42.33902359008789,-71.0848617553711,4.7270002365112305,328252.65625,4689524.0,19,T
1697467230.3740125,154,162004,799999999,GPS1_Frame,5,42.33902359008789,-71.0848617553711,4.7170000076293945,328252.6875,4689524.0,19,T
1697467230.446501,155,162005,799999999,GPS1_Frame,5,42.33902359008789,-71.0848617553711,4.7170000076293945,328252.6875,4689524.0,19,T
1697467230.5188265,156,162006,799999999,GPS1_Frame,5,42.33902359008789,-71.0848617553711,4.7230000495910645,328252.6875,4689524.0,19,T
1697467230.5910463,157,162007,799999999,GPS1_Frame,5,42.33902359008789,-71.0848617553711,4.723999977111816,328252.6875,4689524.0,19,T
1697467230.6640306,158,162008,799999999,GPS1_Frame,5,42.33902359008789,-71.0848617553711,4.71999979019165,328252.6875,4689524.0,19,T
1697467230.7370286,159,162009,799999999,GPS1_Frame,5,42.33902359008789,-71.0848617553711,4.709000110626221,328252.6875,4689524.0,19,T
1697467230.8098454,160,162010,799999999,GPS1_Frame,5,42.33902359008789,-71.0848617553711,4.699999809265137,328252.71875,4689524.0,19,T
1697467230.8825393,161,162011,799999999,GPS1_Frame,5,42.33902359008789,-71.0848617553711,4.701000213623047,328252.71875,4689524.0,19,T
1697467230.9552321,162,162012,799999999,GPS1_Frame,5,42.33902359008789,-71.0848617553711,4.696000099182129,328252.71875,4689524.0,19,T
1697467231.0282362,163,162013,799999999,GPS1_Frame,5,42.33902359008789,-71.0848617553711,4.686999797821045,328252.71875,4689524.0,19,T
1697467231.1008573,164,162014,799999999,GPS1_Frame,5,42.33902359008789,-71.0848617553711,4.678999900817871,328252.71875,4689524.0,19,T
1697467231.1735358,165,162015,799999999,GPS1_Frame,5,42.33902359008789,-71.0848617553711,4.678999900817871,328252.71875,4689524.0,19,T
1697467231.2464068,166,162016,799999999,GPS1_Frame,5,42.33902359008789,-71.0848617553711,4.684000015258789,328252.71875,4689524.0,19,T
1697467231.3185275,167,162017,799999999,GPS1_Frame,5,42.33902359008789,-71.0848617553711,4.682000160217285,328252.71875,4689524.0,19,T
1697467231.3909009,168,162018,799999999,GPS1_Frame,5,42.33902359008789,-71.0848617553711,4.673999786376953,328252.75,4689524.0,19,T
1697467231.4640415,169,162019,799999999,GPS1_Frame,5,42.33902359008789,-71.0848617553711,4.677999973297119,328252.75,4689524.0,19,T
1697467231.5364318,170,162020,799999999,GPS1_Frame,5,42.33902359008789,-71.0848617553711,4.664999961853027,328252.75,4689524.0,19,T
1697467231.6093752,171,162021,799999999,GPS1_Frame,5,42.33902359008789,-71.0848617553711,4.656000137329102,328252.75,4689524.0,19,T
1697467231.6821487,172,162022,799999999,GPS1_Frame,5,42.33902359008789,-71.0848617553711,4.6539998054504395,328252.75,4689524.0,19,T
1697467231.7542062,173,162023,799999999,GPS1_Frame,5,42.33902359008789,-71.0848617553711,4.646999835968018,328252.75,4689524.0,19,T
1697467231.8273356,174,162024,799999999,GPS1_Frame,5,42.33902359008789,-71.0848617553711,4.6570000648498535,328252.75,4689524.0,19,T
1697467231.899451,175,162025,799999999,GPS1_Frame,5,42.33902359008789,-71.0848617553711,4.651000022888184,328252.78125,4689524.0,19,T
1697467231.9720354,176,162026,799999999,GPS1_Frame,5,42.33902359008789,-71.0848617553711,4.650000095367432,328252.78125,4689524.0,19,T
1697467232.0441875,177,162027,799999999,GPS1_Frame,5,42.33902359008789,-71.0848617553711,4.6539998054504395,328252.78125,4689524.0,19,T
1697467232.1166139,178,162028,799999999,GPS1_Frame,5,42.33902359008789,-71.0848617553711,4.6539998054504395,328252.78125,4689524.0,19,T
1697467232.1890213,179,162029,799999999,GPS1_Frame,5,42.33902359008789,-71.0848617553711,4.658999919891357,328252.78125,4689524.0,19,T
1697467232.2618484,180,162030,799999999,GPS1_Frame,5,42.33902359008789,-71.0848617553711,4.656000137329102,328252.78125,4689524.0,19,T
1697467232.3339367,181,162031,799999999,GPS1_Frame,5,42.33902359008789,-71.0848617553711,4.6539998054504395,328252.78125,4689524.0,19,T
1697467232.4067948,182,162032,799999999,GPS1_Frame,5,42.33902359008789,-71.0848617553711,4.659999847412109,328252.78125,4689524.0,19,T
1697467232.4795792,183,162033,799999999,GPS1_Frame,5,42.33902359008789,-71.0848617553711,4.6539998054504395,328252.8125,4689524.0,19,T
1697467232.5520487,184,162034,799999999,GPS1_Frame,5,42.33902359008789,-71.0848617553711,4.656000137329102,328252.8125,4689524.0,19,T
1697467232.6246712,185,162035,799999999,GPS1_Frame,5,42.33902359008789,-71.0848617553711,4.658999919891357,328252.8125,4689524.0,19,T
1697467232.6967912,186,162036,799999999,GPS1_Frame,5,42.33902359008789,-71.0848617553711,4.646999835968018,328252.8125,4689524.0,19,T
1697467232.7692463,187,162037,799999999,GPS1_Frame,5,42.33902359008789,-71.0848617553711,4.644999980926514,328252.8125,4689524.0,19,T
1697467232.8417048,188,162038,799999999,GPS1_Frame,5,42.33902359008789,-71.0848617553711,4.639999866485596,328252.8125,4689524.0,19,T
1697467232.9142525,189,162039,799999999,GPS1_Frame,5,42.33902359008789,-71.0848617553711,4.632999897003174,328252.8125,4689524.0,19,T
1697467232.987138,190,162040,799999999,GPS1_Frame,5,42.33902359008789,-71.0848617553711,4.633999824523926,328252.8125,4689524.0,19,T
1697467233.0597286,191,162041,799999999,GPS1_Frame,5,42.33902359008789,-71.0848617553711,4.640999794006348,328252.8125,4689524.0,19,T
1697467233.1319392,192,162042,799999999,GPS1_Frame,5,42.33902359008789,-71.0848617553711,4.640999794006348,328252.8125,4689524.0,19,T
1697467233.2046955,193,162043,799999999,GPS1_Frame,5,42.339027404785156,-71.0848617553711,4.639999866485596,328252.84375,4689524.0,19,T
1697467233.2770128,194,162044,799999999,GPS1_Frame,5,42.33902359008789,-71.0848617553711,4.644999980926514,328252.84375,4689524.0,19,T
1697467233.3495278,195,162045,799999999,GPS1_Frame,5,42.33902359008789,-71.0848617553711,4.656000137329102,328252.84375,4689524.0,19,T
1697467233.4220767,196,162046,799999999,GPS1_Frame,5,42.33902359008789,-71.0848617553711,4.645999908447266,328252.84375,4689524.0,19,T
1697467233.4944,197,162047,799999999,GPS1_Frame,5,42.33902359008789,-71.0848617553711,4.64900016784668,328252.84375,4689524.0,19,T
1697467233.5667222,198,162048,799999999,GPS1_Frame,5,42.33902359008789,-71.0848617553711,4.65500020980835,328252.84375,4689524.0,19,T
1697467233.639097,199,162049,799999999,GPS1_Frame,5,42.33902359008789,-71.0848617553711,4.644000053405762,328252.84375,4689524.0,19,T
1697467233.7122235,200,162050,799999999,GPS1_Frame,5,42.33902359008789,-71.0848617553711,4.644999980926514,328252.84375,4689524.0,19,T
1697467233.7843766,201,162051,799999999,GPS1_Frame,5,42.33902359008789,-71.0848617553711,4.64900016784668,328252.875,4689524.0,19,T
1697467233.8576272,202,162052,799999999,GPS1_Frame,5,42.33902359008789,-71.0848617553711,4.651000022888184,328252.875,4689524.0,19,T
1697467233.9300468,203,162053,799999999,GPS1_Frame,5,42.33902359008789,-71.0848617553711,4.651000022888184,328252.875,4689524.0,19,T
1697467234.0029423,204,162054,799999999,GPS1_Frame,5,42.33902359008789,-71.0848617553711,4.64900016784668,328252.875,4689524.0,19,T
1697467234.0753748,205,162055,799999999,GPS1_Frame,5,42.33902359008789,-71.0848617553711,4.650000095367432,328252.875,4689524.0,19,T
1697467234.1481216,206,162056,799999999,GPS1_Frame,5,42.33902359008789,-71.0848617553711,4.6529998779296875,328252.875,4689524.0,19,T
1697467234.2208989,207,162057,799999999,GPS1_Frame,5,42.33902359008789,-71.0848617553711,4.642000198364258,328252.875,4689524.0,19,T
1697467234.2935178,208,162058,799999999,GPS1_Frame,5,42.33902359008789,-71.0848617553711,4.642000198364258,328252.875,4689524.0,19,T
1697467234.3664536,209,162059,799999999,GPS1_Frame,5,42.33902359008789,-71.0848617553711,4.650000095367432,328252.875,4689524.0,19,T
1697467234.4395218,210,162100,799999999,GPS1_Frame,5,42.33902359008789,-71.0848617553711,4.6620001792907715,328252.875,4689524.0,19,T
1697467234.5124795,211,162101,799999999,GPS1_Frame,5,42.33902359008789,-71.0848617553711,4.6620001792907715,328252.875,4689524.0,19,T
1697467234.5849912,212,162102,799999999,GPS1_Frame,5,42.33902359008789,-71.0848617553711,4.6620001792907715,328252.875,4689524.0,19,T
1697467234.657684,213,162103,799999999,GPS1_Frame,5,42.33902359008789,-71.0848617553711,4.658999919891357,328252.875,4689524.0,19,T
1697467234.7297137,214,162104,799999999,GPS1_Frame,5,42.339027404785156,-71.0848617553711,4.656000137329102,328252.875,4689524.0,19,T
1697467234.8026445,215,162105,799999999,GPS1_Frame,5,42.339027404785156,-71.0848617553711,4.6579999923706055,328252.875,4689524.0,19,T
1697467234.8754632,216,162106,799999999,GPS1_Frame,5,42.339027404785156,-71.0848617553711,4.658999919891357,328252.875,4689524.0,19,T
1697467234.9478836,217,162107,799999999,GPS1_Frame,5,42.339027404785156,-71.0848617553711,4.6539998054504395,328252.875,4689524.0,19,T
1697467235.0208051,218,162108,799999999,GPS1_Frame,5,42.339027404785156,-71.0848617553711,4.6570000648498535,328252.875,4689524.0,19,T
1697467235.0935657,219,162109,799999999,GPS1_Frame,5,42.339027404785156,-71.0848617553711,4.6570000648498535,328252.875,4689524.0,19,T
1697467235.1661239,220,162110,799999999,GPS1_Frame,5,42.339027404785156,-71.0848617553711,4.65500020980835,328252.875,4689524.0,19,T
1697467235.2383807,221,162111,799999999,GPS1_Frame,5,42.339027404785156,-71.0848617553711,4.659999847412109,328252.875,4689524.0,19,T
1697467235.3109384,222,162112,799999999,GPS1_Frame,5,42.339027404785156,-71.0848617553711,4.660999774932861,328252.875,4689524.0,19,T
1697467235.3834255,223,162113,799999999,GPS1_Frame,5,42.339027404785156,-71.0848617553711,4.6620001792907715,328252.875,4689524.0,19,T
1697467235.4559548,224,162114,799999999,GPS1_Frame,5,42.339027404785156,-71.0848617553711,4.659999847412109,328252.90625,4689524.0,19,T
1697467235.527993,225,162115,799999999,GPS1_Frame,5,42.339027404785156,-71.0848617553711,4.6579999923706055,328252.90625,4689524.0,19,T
1697467235.600646,226,162116,799999999,GPS1_Frame,5,42.339027404785156,-71.0848617553711,4.665999889373779,328252.90625,4689524.0,19,T
1697467235.6733816,227,162117,799999999,GPS1_Frame,5,42.339027404785156,-71.0848617553711,4.659999847412109,328252.90625,4689524.0,19,T
1697467235.745751,228,162118,799999999,GPS1_Frame,5,42.339027404785156,-71.0848617553711,4.656000137329102,328252.90625,4689524.0,19,T
1697467235.8186436,229,162119,799999999,GPS1_Frame,5,42.339027404785156,-71.0848617553711,4.6570000648498535,328252.90625,4689524.0,19,T
1697467235.891043,230,162120,799999999,GPS1_Frame,5,42.339027404785156,-71.0848617553711,4.6519999504089355,328252.90625,4689524.0,19,T
1697467235.9638884,231,162121,799999999,GPS1_Frame,5,42.339027404785156,-71.0848617553711,4.64900016784668,328252.90625,4689524.0,19,T
1697467236.0366251,232,162122,799999999,GPS1_Frame,5,42.339027404785156,-71.0848617553711,4.642000198364258,328252.90625,4689524.0,19,T
1697467236.109597,233,162123,799999999,GPS1_Frame,5,42.339027404785156,-71.0848617553711,4.645999908447266,328252.90625,4689524.0,19,T
1697467236.1818993,234,162124,799999999,GPS1_Frame,5,42.339027404785156,-71.0848617553711,4.644000053405762,328252.90625,4689524.0,19,T
1697467236.2538953,235,162125,799999999,GPS1_Frame,5,42.339027404785156,-71.0848617553711,4.6519999504089355,328252.90625,4689524.0,19,T
1697467236.326663,236,162126,799999999,GPS1_Frame,5,42.339027404785156,-71.0848617553711,4.65500020980835,328252.90625,4689524.0,19,T
1697467236.3995302,237,162127,799999999,GPS1_Frame,5,42.339027404785156,-71.0848617553711,4.65500020980835,328252.90625,4689524.0,19,T
1697467236.4748714,238,162128,799999999,GPS1_Frame,5,42.339027404785156,-71.0848617553711,4.658999919891357,328252.90625,4689524.0,19,T
1697467236.5559568,239,162129,799999999,GPS1_Frame,5,42.339027404785156,-71.0848617553711,4.660999774932861,328252.90625,4689524.0,19,T
1697467236.6289127,240,162130,799999999,GPS1_Frame,5,42.339027404785156,-71.0848617553711,4.664999961853027,328252.90625,4689524.0,19,T
1697467236.7014804,241,162131,799999999,GPS1_Frame,5,42.339027404785156,-71.0848617553711,4.665999889373779,328252.90625,4689524.0,19,T
1697467236.7736893,242,162132,799999999,GPS1_Frame,5,42.339027404785156,-71.0848617553711,4.664000034332275,328252.90625,4689524.0,19,T
1697467236.8458314,243,162133,799999999,GPS1_Frame,5,42.339027404785156,-71.0848617553711,4.669000148773193,328252.90625,4689524.0,19,T
1697467236.9181387,244,162134,799999999,GPS1_Frame,5,42.339027404785156,-71.0848617553711,4.675000190734863,328252.90625,4689524.0,19,T
1697467236.9906387,245,162135,799999999,GPS1_Frame,5,42.339027404785156,-71.0848617553711,4.673999786376953,328252.90625,4689524.0,19,T
1697467237.0635355,246,162136,799999999,GPS1_Frame,5,42.339027404785156,-71.0848617553711,4.677000045776367,328252.90625,4689524.0,19,T
1697467237.1363149,247,162137,799999999,GPS1_Frame,5,42.339027404785156,-71.0848617553711,4.675000190734863,328252.90625,4689524.0,19,T
1697467237.2092216,248,162138,799999999,GPS1_Frame,5,42.339027404785156,-71.0848617553711,4.676000118255615,328252.90625,4689524.0,19,T
1697467237.2816198,249,162139,799999999,GPS1_Frame,5,42.339027404785156,-71.0848617553711,4.672999858856201,328252.90625,4689524.0,19,T
1697467237.354005,250,162140,799999999,GPS1_Frame,5,42.339027404785156,-71.0848617553711,4.677000045776367,328252.90625,4689524.0,19,T
1697467237.4263604,251,162141,799999999,GPS1_Frame,5,42.339027404785156,-71.0848617553711,4.677999973297119,328252.90625,4689524.0,19,T
1697467237.499256,252,162142,799999999,GPS1_Frame,5,42.339027404785156,-71.0848617553711,4.677999973297119,328252.90625,4689524.0,19,T
1697467237.5721684,253,162143,799999999,GPS1_Frame,5,42.339027404785156,-71.0848617553711,4.682000160217285,328252.90625,4689524.0,19,T
1697467237.6448014,254,162144,799999999,GPS1_Frame,5,42.339027404785156,-71.0848617553711,4.682000160217285,328252.90625,4689524.0,19,T
1697467237.7170563,255,162145,799999999,GPS1_Frame,5,42.339027404785156,-71.0848617553711,4.683000087738037,328252.90625,4689524.0,19,T
1697467237.7896986,256,162146,799999999,GPS1_Frame,5,42.339027404785156,-71.0848617553711,4.683000087738037,328252.90625,4689524.0,19,T
1697467237.8620422,257,162147,799999999,GPS1_Frame,5,42.339027404785156,-71.0848617553711,4.684000015258789,328252.90625,4689524.0,19,T
1697467237.934996,258,162148,799999999,GPS1_Frame,5,42.339027404785156,-71.0848617553711,4.681000232696533,328252.90625,4689524.0,19,T
1697467238.0066051,259,162149,799999999,GPS1_Frame,5,42.339027404785156,-71.0848617553711,4.684000015258789,328252.90625,4689524.0,19,T
1697467238.0794222,260,162150,799999999,GPS1_Frame,5,42.339027404785156,-71.0848617553711,4.679999828338623,328252.90625,4689524.0,19,T
1697467238.151817,261,162151,799999999,GPS1_Frame,5,42.339027404785156,-71.0848617553711,4.685999870300293,328252.90625,4689524.0,19,T
1697467238.2246995,262,162152,799999999,GPS1_Frame,5,42.339027404785156,-71.0848617553711,4.691999912261963,328252.90625,4689524.0,19,T
1697467238.2973053,263,162153,799999999,GPS1_Frame,5,42.339027404785156,-71.0848617553711,4.691999912261963,328252.90625,4689524.0,19,T
1697467238.3696089,264,162154,799999999,GPS1_Frame,5,42.339027404785156,-71.0848617553711,4.693999767303467,328252.90625,4689524.0,19,T
1697467238.442555,265,162155,799999999,GPS1_Frame,5,42.339027404785156,-71.0848617553711,4.693999767303467,328252.90625,4689524.0,19,T
1697467238.5154119,266,162156,799999999,GPS1_Frame,5,42.339027404785156,-71.0848617553711,4.698999881744385,328252.90625,4689524.0,19,T
1697467238.5876884,267,162157,799999999,GPS1_Frame,5,42.339027404785156,-71.0848617553711,4.702000141143799,328252.90625,4689524.0,19,T
1697467238.6605775,268,162158,799999999,GPS1_Frame,5,42.339027404785156,-71.0848617553711,4.704999923706055,328252.90625,4689524.0,19,T
1697467238.7329497,269,162159,799999999,GPS1_Frame,5,42.339027404785156,-71.0848617553711,4.704999923706055,328252.90625,4689524.0,19,T
1697467238.8052173,270,162200,799999999,GPS1_Frame,5,42.339027404785156,-71.0848617553711,4.709000110626221,328252.90625,4689524.0,19,T
1697467238.8776236,271,162201,799999999,GPS1_Frame,5,42.339027404785156,-71.0848617553711,4.708000183105469,328252.90625,4689524.0,19,T
1697467238.9500976,272,162202,799999999,GPS1_Frame,5,42.339027404785156,-71.0848617553711,4.711999893188477,328252.90625,4689524.0,19,T
1697467239.0221236,273,162203,799999999,GPS1_Frame,5,42.339027404785156,-71.0848617553711,4.7129998207092285,328252.90625,4689524.0,19,T
1697467239.094911,274,162204,799999999,GPS1_Frame,5,42.339027404785156,-71.0848617553711,4.710000038146973,328252.90625,4689524.0,19,T
1697467239.167354,275,162205,799999999,GPS1_Frame,5,42.339027404785156,-71.0848617553711,4.708000183105469,328252.90625,4689524.0,19,T
1697467239.240018,276,162206,799999999,GPS1_Frame,5,42.339027404785156,-71.0848617553711,4.711999893188477,328252.90625,4689524.0,19,T
1697467239.312959,277,162207,799999999,GPS1_Frame,5,42.339027404785156,-71.0848617553711,4.7170000076293945,328252.90625,4689524.0,19,T
1697467239.385654,278,162208,799999999,GPS1_Frame,5,42.339027404785156,-71.0848617553711,4.714000225067139,328252.90625,4689524.0,19,T
1697467239.4577894,279,162209,799999999,GPS1_Frame,5,42.339027404785156,-71.0848617553711,4.7170000076293945,328252.90625,4689524.0,19,T
1697467239.5308511,280,162210,799999999,GPS1_Frame,5,42.339027404785156,-71.0848617553711,4.709000110626221,328252.90625,4689524.0,19,T
1697467239.6030114,281,162211,799999999,GPS1_Frame,5,42.339027404785156,-71.0848617553711,4.7129998207092285,328252.90625,4689524.0,19,T
1697467239.6755726,282,162212,799999999,GPS1_Frame,5,42.339027404785156,-71.0848617553711,4.709000110626221,328252.90625,4689524.0,19,T
1697467239.748077,283,162213,799999999,GPS1_Frame,5,42.339027404785156,-71.0848617553711,4.7129998207092285,328252.90625,4689524.0,19,T
1697467239.821143,284,162214,799999999,GPS1_Frame,5,42.339027404785156,-71.0848617553711,4.709000110626221,328252.90625,4689524.0,19,T
1697467239.8940911,285,162215,799999999,GPS1_Frame,5,42.339027404785156,-71.0848617553711,4.714000225067139,328252.90625,4689524.0,19,T
1697467239.9662902,286,162216,799999999,GPS1_Frame,5,42.339027404785156,-71.0848617553711,4.714000225067139,328252.90625,4689524.0,19,T
1697467240.0387213,287,162217,799999999,GPS1_Frame,5,42.339027404785156,-71.0848617553711,4.710999965667725,328252.90625,4689524.0,19,T
1697467240.1117473,288,162218,799999999,GPS1_Frame,5,42.339027404785156,-71.0848617553711,4.708000183105469,328252.90625,4689524.0,19,T
1697467240.1843054,289,162219,799999999,GPS1_Frame,5,42.339027404785156,-71.0848617553711,4.697999954223633,328252.90625,4689524.0,19,T
1697467240.2567863,290,162220,799999999,GPS1_Frame,5,42.339027404785156,-71.0848617553711,4.696000099182129,328252.90625,4689524.0,19,T
1697467240.3287263,291,162221,799999999,GPS1_Frame,5,42.339027404785156,-71.0848617553711,4.686999797821045,328252.90625,4689524.0,19,T
1697467240.4008944,292,162222,799999999,GPS1_Frame,5,42.339027404785156,-71.0848617553711,4.679999828338623,328252.90625,4689524.0,19,T
1697467240.4737623,293,162223,799999999,GPS1_Frame,5,42.339027404785156,-71.0848617553711,4.673999786376953,328252.90625,4689524.0,19,T
1697467240.5460951,294,162224,799999999,GPS1_Frame,5,42.339027404785156,-71.0848617553711,4.666999816894531,328252.90625,4689524.0,19,T
1697467240.618395,295,162225,799999999,GPS1_Frame,5,42.339027404785156,-71.0848617553711,4.6579999923706055,328252.90625,4689524.0,19,T
1697467240.6912148,296,162226,799999999,GPS1_Frame,5,42.339027404785156,-71.0848617553711,4.6479997634887695,328252.90625,4689524.0,19,T
1697467240.7637813,297,162227,799999999,GPS1_Frame,5,42.339027404785156,-71.0848617553711,4.644999980926514,328252.90625,4689524.0,19,T
1697467240.836601,298,162228,799999999,GPS1_Frame,5,42.339027404785156,-71.0848617553711,4.638000011444092,328252.90625,4689524.0,19,T
1697467240.9089224,299,162229,799999999,GPS1_Frame,5,42.339027404785156,-71.0848617553711,4.632999897003174,328252.90625,4689524.0,19,T
1697467240.9813,300,162230,799999999,GPS1_Frame,5,42.339027404785156,-71.0848617553711,4.629000186920166,328252.90625,4689524.0,19,T
1697467241.0539613,301,162231,799999999,GPS1_Frame,5,42.339027404785156,-71.0848617553711,4.625999927520752,328252.90625,4689524.0,19,T
1697467241.126741,302,162232,799999999,GPS1_Frame,5,42.339027404785156,-71.0848617553711,4.630000114440918,328252.90625,4689524.0,19,T
1697467241.1996937,303,162233,799999999,GPS1_Frame,5,42.339027404785156,-71.0848617553711,4.632999897003174,328252.90625,4689524.0,19,T
1697467241.2726972,304,162234,799999999,GPS1_Frame,5,42.339027404785156,-71.0848617553711,4.631999969482422,328252.90625,4689524.0,19,T
1697467241.3454044,305,162235,799999999,GPS1_Frame,5,42.339027404785156,-71.0848617553711,4.632999897003174,328252.90625,4689524.0,19,T
1697467241.4181638,306,162236,799999999,GPS1_Frame,5,42.339027404785156,-71.0848617553711,4.630000114440918,328252.90625,4689524.0,19,T
1697467241.4908907,307,162237,799999999,GPS1_Frame,5,42.339027404785156,-71.0848617553711,4.625,328252.90625,4689524.0,19,T
1697467241.5636811,308,162238,799999999,GPS1_Frame,5,42.339027404785156,-71.0848617553711,4.61899995803833,328252.9375,4689524.0,19,T
1697467241.6363342,309,162239,799999999,GPS1_Frame,5,42.339027404785156,-71.0848617553711,4.61299991607666,328252.9375,4689524.0,19,T
1697467241.7090783,310,162240,799999999,GPS1_Frame,5,42.339027404785156,-71.0848617553711,4.609000205993652,328252.9375,4689524.0,19,T
1697467241.7815998,311,162241,799999999,GPS1_Frame,5,42.339027404785156,-71.0848617553711,4.603000164031982,328252.9375,4689524.0,19,T
1697467241.8546216,312,162242,799999999,GPS1_Frame,5,42.339027404785156,-71.0848617553711,4.599999904632568,328252.9375,4689524.0,19,T
1697467241.9267316,313,162243,799999999,GPS1_Frame,5,42.339027404785156,-71.0848617553711,4.590000152587891,328252.9375,4689524.0,19,T
1697467241.999146,314,162244,799999999,GPS1_Frame,5,42.339027404785156,-71.0848617553711,4.578999996185303,328252.9375,4689524.0,19,T
1697467242.0714161,315,162245,799999999,GPS1_Frame,5,42.339027404785156,-71.0848617553711,4.572999954223633,328252.9375,4689524.0,19,T
1697467242.1430745,316,162246,799999999,GPS1_Frame,5,42.339027404785156,-71.0848617553711,4.568999767303467,328252.9375,4689524.0,19,T
1697467242.2152503,317,162247,799999999,GPS1_Frame,5,42.339027404785156,-71.0848617553711,4.571000099182129,328252.9375,4689524.0,19,T
1697467242.2880073,318,162248,799999999,GPS1_Frame,5,42.339027404785156,-71.0848617553711,4.574999809265137,328252.9375,4689524.0,19,T
1697467242.360207,319,162249,799999999,GPS1_Frame,5,42.339027404785156,-71.0848617553711,4.581999778747559,328252.9375,4689524.0,19,T
1697467242.4331017,320,162250,799999999,GPS1_Frame,5,42.339027404785156,-71.0848617553711,4.590000152587891,328252.9375,4689524.0,19,T
1697467242.505193,321,162251,799999999,GPS1_Frame,5,42.339027404785156,-71.0848617553711,4.5920000076293945,328252.9375,4689524.0,19,T
1697467242.5777142,322,162252,799999999,GPS1_Frame,5,42.339027404785156,-71.0848617553711,4.586999893188477,328252.9375,4689524.0,19,T
1697467242.6500077,323,162253,799999999,GPS1_Frame,5,42.339027404785156,-71.0848617553711,4.5879998207092285,328252.90625,4689524.0,19,T
1697467242.723115,324,162254,799999999,GPS1_Frame,5,42.339027404785156,-71.0848617553711,4.611999988555908,328252.875,4689524.0,19,T
1697467242.7957892,325,162255,799999999,GPS1_Frame,5,42.339027404785156,-71.0848617553711,4.624000072479248,328252.875,4689524.0,19,T
1697467242.8686612,326,162256,799999999,GPS1_Frame,5,42.339027404785156,-71.0848617553711,4.633999824523926,328252.84375,4689524.0,19,T
1697467242.9409082,327,162257,799999999,GPS1_Frame,5,42.339027404785156,-71.0848617553711,4.639999866485596,328252.8125,4689524.0,19,T
1697467243.0137582,328,162258,799999999,GPS1_Frame,5,42.339027404785156,-71.0848617553711,4.65500020980835,328252.78125,4689524.0,19,T
1697467243.0864365,329,162259,799999999,GPS1_Frame,5,42.339027404785156,-71.0848617553711,4.673999786376953,328252.78125,4689524.0,19,T
1697467243.159107,330,162300,799999999,GPS1_Frame,5,42.33902359008789,-71.0848617553711,4.688000202178955,328252.75,4689524.0,19,T
1697467243.2323287,331,162301,799999999,GPS1_Frame,5,42.33902359008789,-71.0848617553711,4.688000202178955,328252.75,4689524.0,19,T
1697467243.3052502,332,162302,799999999,GPS1_Frame,5,42.33902359008789,-71.0848617553711,4.697000026702881,328252.75,4689524.0,19,T
1697467243.3776073,333,162303,799999999,GPS1_Frame,5,42.33902359008789,-71.0848617553711,4.704999923706055,328252.71875,4689524.0,19,T
1697467243.4503303,334,162304,799999999,GPS1_Frame,5,42.33902359008789,-71.0848617553711,4.714000225067139,328252.71875,4689524.0,19,T
1697467243.52298,335,162305,799999999,GPS1_Frame,5,42.33902359008789,-71.0848617553711,4.729000091552734,328252.71875,4689524.0,19,T
1697467243.5954127,336,162306,799999999,GPS1_Frame,5,42.33902359008789,-71.0848617553711,4.745999813079834,328252.6875,4689524.0,19,T
1697467243.6676314,337,162307,799999999,GPS1_Frame,5,42.33902359008789,-71.0848617553711,4.757999897003174,328252.6875,4689524.0,19,T
1697467243.7412903,338,162308,799999999,GPS1_Frame,5,42.33902359008789,-71.0848617553711,4.7769999504089355,328252.6875,4689524.0,19,T
1697467243.8138242,339,162309,799999999,GPS1_Frame,5,42.33902359008789,-71.0848617553711,4.796999931335449,328252.6875,4689524.0,19,T
1697467243.8868663,340,162310,799999999,GPS1_Frame,5,42.33902359008789,-71.0848617553711,4.797999858856201,328252.6875,4689524.0,19,T
1697467243.9590542,341,162311,799999999,GPS1_Frame,5,42.33902359008789,-71.0848617553711,4.811999797821045,328252.65625,4689524.0,19,T
1697467244.0320961,342,162312,799999999,GPS1_Frame,5,42.33902359008789,-71.0848617553711,4.822000026702881,328252.65625,4689524.0,19,T
1697467244.1047757,343,162313,799999999,GPS1_Frame,5,42.33902359008789,-71.0848617553711,4.840000152587891,328252.65625,4689524.0,19,T
1697467244.1773884,344,162314,799999999,GPS1_Frame,5,42.33902359008789,-71.0848617553711,4.855999946594238,328252.65625,4689524.0,19,T
1697467244.2502933,345,162315,799999999,GPS1_Frame,5,42.33902359008789,-71.0848617553711,4.872000217437744,328252.65625,4689524.0,19,T
1697467244.3228598,346,162316,799999999,GPS1_Frame,5,42.33902359008789,-71.0848617553711,4.883999824523926,328252.65625,4689524.0,19,T
1697467244.395755,347,162317,799999999,GPS1_Frame,5,42.33902359008789,-71.0848617553711,4.894999980926514,328252.65625,4689524.0,19,T
1697467244.468657,348,162318,799999999,GPS1_Frame,5,42.33902359008789,-71.0848617553711,4.901000022888184,328252.625,4689524.0,19,T
1697467244.5414011,349,162319,799999999,GPS1_Frame,5,42.33902359008789,-71.0848617553711,4.921000003814697,328252.625,4689524.0,19,T
1697467244.6140351,350,162320,799999999,GPS1_Frame,5,42.33902359008789,-71.0848617553711,4.933000087738037,328252.625,4689524.0,19,T
1697467244.6864066,351,162321,799999999,GPS1_Frame,5,42.33902359008789,-71.0848617553711,4.943999767303467,328252.625,4689524.0,19,T
1697467244.758698,352,162322,799999999,GPS1_Frame,5,42.33902359008789,-71.0848617553711,4.946000099182129,328252.625,4689524.0,19,T
1697467244.8315408,353,162323,799999999,GPS1_Frame,5,42.33902359008789,-71.0848617553711,4.945000171661377,328252.59375,4689524.0,19,T
1697467244.904519,354,162324,799999999,GPS1_Frame,5,42.33902359008789,-71.0848617553711,4.951000213623047,328252.59375,4689524.0,19,T
1697467244.9767714,355,162325,799999999,GPS1_Frame,5,42.33902359008789,-71.0848617553711,4.9679999351501465,328252.59375,4689524.0,19,T
1697467245.0497198,356,162326,799999999,GPS1_Frame,5,42.33902359008789,-71.0848617553711,4.980000019073486,328252.59375,4689524.0,19,T
1697467245.1229475,357,162327,799999999,GPS1_Frame,5,42.33902359008789,-71.0848617553711,4.988999843597412,328252.59375,4689524.0,19,T
1697467245.1951573,358,162328,799999999,GPS1_Frame,5,42.33902359008789,-71.0848617553711,4.995999813079834,328252.59375,4689524.0,19,T
1697467245.2674613,359,162329,799999999,GPS1_Frame,5,42.33902359008789,-71.0848617553711,5.007999897003174,328252.5625,4689524.0,19,T
1697467245.3403466,360,162330,799999999,GPS1_Frame,5,42.33902359008789,-71.0848617553711,5.004000186920166,328252.5625,4689524.0,19,T
1697467245.4125116,361,162331,799999999,GPS1_Frame,5,42.33902359008789,-71.0848617553711,4.999000072479248,328252.5625,4689524.0,19,T
1697467245.4852247,362,162332,799999999,GPS1_Frame,5,42.33902359008789,-71.0848617553711,4.988999843597412,328252.5625,4689524.0,19,T
1697467245.5585005,363,162333,799999999,GPS1_Frame,5,42.33902359008789,-71.0848617553711,4.985000133514404,328252.5625,4689524.0,19,T
1697467245.6303995,364,162334,799999999,GPS1_Frame,5,42.33902359008789,-71.0848617553711,4.99399995803833,328252.5625,4689524.0,19,T
1697467245.7027261,365,162335,799999999,GPS1_Frame,5,42.33902359008789,-71.0848617553711,4.98799991607666,328252.5625,4689524.0,19,T
1697467245.7756903,366,162336,799999999,GPS1_Frame,5,42.33902359008789,-71.0848617553711,4.984000205993652,328252.5625,4689524.0,19,T
1697467245.8483129,367,162337,799999999,GPS1_Frame,5,42.33902359008789,-71.0848617553711,4.986000061035156,328252.5625,4689524.0,19,T
1697467245.9209788,368,162338,799999999,GPS1_Frame,5,42.33902359008789,-71.0848617553711,4.979000091552734,328252.5625,4689524.0,19,T
1697467245.993681,369,162339,799999999,GPS1_Frame,5,42.33902359008789,-71.0848617553711,4.968999862670898,328252.5625,4689524.0,19,T
1697467246.0665517,370,162340,799999999,GPS1_Frame,5,42.33902359008789,-71.0848617553711,4.961999893188477,328252.5625,4689524.0,19,T
1697467246.1390364,371,162341,799999999,GPS1_Frame,5,42.33902359008789,-71.0848617553711,4.945000171661377,328252.5625,4689524.0,19,T
1697467246.2120705,372,162342,799999999,GPS1_Frame,5,42.33902359008789,-71.0848617553711,4.921999931335449,328252.53125,4689524.0,19,T
1697467246.284476,373,162343,799999999,GPS1_Frame,5,42.339027404785156,-71.0848617553711,4.89300012588501,328252.5625,4689524.0,19,T
1697467246.3574786,374,162344,799999999,GPS1_Frame,5,42.339027404785156,-71.0848617553711,4.879000186920166,328252.53125,4689524.0,19,T
1697467246.43044,375,162345,799999999,GPS1_Frame,5,42.339027404785156,-71.0848617553711,4.88700008392334,328252.53125,4689524.0,19,T
1697467246.5030682,376,162346,799999999,GPS1_Frame,5,42.339027404785156,-71.0848617553711,4.894000053405762,328252.53125,4689524.0,19,T
1697467246.575784,377,162347,799999999,GPS1_Frame,5,42.339027404785156,-71.0848617553711,4.888000011444092,328252.53125,4689524.0,19,T
1697467246.6490393,378,162348,799999999,GPS1_Frame,5,42.339027404785156,-71.0848617553711,4.892000198364258,328252.53125,4689524.0,19,T
1697467246.7214184,379,162349,799999999,GPS1_Frame,5,42.339027404785156,-71.0848617553711,4.864999771118164,328252.53125,4689524.0,19,T
1697467246.794303,380,162350,799999999,GPS1_Frame,5,42.339027404785156,-71.0848617553711,4.848999977111816,328252.53125,4689524.0,19,T
1697467246.8670585,381,162351,799999999,GPS1_Frame,5,42.339027404785156,-71.0848617553711,4.821000099182129,328252.53125,4689524.0,19,T
1697467246.9392133,382,162352,799999999,GPS1_Frame,5,42.339027404785156,-71.0848617553711,4.800000190734863,328252.53125,4689524.0,19,T
1697467247.0117326,383,162353,799999999,GPS1_Frame,5,42.339027404785156,-71.0848617553711,4.789999961853027,328252.5625,4689524.0,19,T
1697467247.0849383,384,162354,799999999,GPS1_Frame,5,42.339027404785156,-71.0848617553711,4.7769999504089355,328252.5625,4689524.0,19,T
1697467247.1571994,385,162355,799999999,GPS1_Frame,5,42.339027404785156,-71.0848617553711,4.75,328252.5625,4689524.0,19,T
1697467247.229592,386,162356,799999999,GPS1_Frame,5,42.339027404785156,-71.0848617553711,4.742000102996826,328252.5625,4689524.0,19,T
1697467247.3022733,387,162357,799999999,GPS1_Frame,5,42.339027404785156,-71.0848617553711,4.734000205993652,328252.5625,4689524.0,19,T
1697467247.3749027,388,162358,799999999,GPS1_Frame,5,42.339027404785156,-71.0848617553711,4.7170000076293945,328252.5625,4689524.0,19,T
1697467247.447677,389,162359,799999999,GPS1_Frame,5,42.339027404785156,-71.0848617553711,4.703000068664551,328252.5625,4689524.0,19,T
1697467247.5199442,390,162400,799999999,GPS1_Frame,5,42.339027404785156,-71.0848617553711,4.689000129699707,328252.5625,4689524.0,19,T
1697467247.5924811,391,162401,799999999,GPS1_Frame,5,42.339027404785156,-71.0848617553711,4.690000057220459,328252.5625,4689524.0,19,T
1697467247.665606,392,162402,799999999,GPS1_Frame,5,42.339027404785156,-71.0848617553711,4.683000087738037,328252.5625,4689524.0,19,T
1697467247.737977,393,162403,799999999,GPS1_Frame,5,42.339027404785156,-71.0848617553711,4.685999870300293,328252.5625,4689524.0,19,T
1697467247.8110507,394,162404,799999999,GPS1_Frame,5,42.339027404785156,-71.0848617553711,4.685999870300293,328252.5625,4689524.0,19,T
1697467247.8834565,395,162405,799999999,GPS1_Frame,5,42.339027404785156,-71.0848617553711,4.697000026702881,328252.5625,4689524.0,19,T
1697467247.9557478,396,162406,799999999,GPS1_Frame,5,42.339027404785156,-71.0848617553711,4.708000183105469,328252.5625,4689524.0,19,T
1697467248.028625,397,162407,799999999,GPS1_Frame,5,42.339027404785156,-71.0848617553711,4.718999862670898,328252.5625,4689524.0,19,T
1697467248.1013696,398,162408,799999999,GPS1_Frame,5,42.339027404785156,-71.0848617553711,4.7170000076293945,328252.5625,4689524.0,19,T
1697467248.1737337,399,162409,799999999,GPS1_Frame,5,42.339027404785156,-71.0848617553711,4.690000057220459,328252.5625,4689524.0,19,T
1697467248.247035,400,162410,799999999,GPS1_Frame,5,42.339027404785156,-71.0848617553711,4.650000095367432,328252.5625,4689524.0,19,T
1697467248.3200803,401,162411,799999999,GPS1_Frame,5,42.339027404785156,-71.0848617553711,4.642000198364258,328252.5625,4689524.0,19,T
1697467248.3925443,402,162412,799999999,GPS1_Frame,5,42.339027404785156,-71.0848617553711,4.644000053405762,328252.5625,4689524.0,19,T
1697467248.4653413,403,162413,799999999,GPS1_Frame,5,42.339027404785156,-71.0848617553711,4.631999969482422,328252.5625,4689524.0,19,T
1697467248.537608,404,162414,799999999,GPS1_Frame,5,42.339027404785156,-71.0848617553711,4.627999782562256,328252.5625,4689524.0,19,T
1697467248.6103494,405,162415,799999999,GPS1_Frame,5,42.339027404785156,-71.0848617553711,4.622000217437744,328252.5625,4689524.0,19,T
1697467248.6834602,406,162416,799999999,GPS1_Frame,5,42.339027404785156,-71.0848617553711,4.617000102996826,328252.5625,4689524.0,19,T
1697467248.755822,407,162417,799999999,GPS1_Frame,5,42.339027404785156,-71.0848617553711,4.604000091552734,328252.5625,4689524.0,19,T
1697467248.8286467,408,162418,799999999,GPS1_Frame,5,42.339027404785156,-71.0848617553711,4.591000080108643,328252.5625,4689524.0,19,T
1697467248.901523,409,162419,799999999,GPS1_Frame,5,42.339027404785156,-71.0848617553711,4.5879998207092285,328252.5625,4689524.0,19,T
1697467248.9736748,410,162420,799999999,GPS1_Frame,5,42.339027404785156,-71.0848617553711,4.578000068664551,328252.5625,4689524.0,19,T
1697467249.0463755,411,162421,799999999,GPS1_Frame,5,42.339027404785156,-71.0848617553711,4.584000110626221,328252.5625,4689524.0,19,T
1697467249.119232,412,162422,799999999,GPS1_Frame,5,42.339027404785156,-71.0848617553711,4.578999996185303,328252.5625,4689524.0,19,T
1697467249.191227,413,162423,799999999,GPS1_Frame,5,42.339027404785156,-71.0848617553711,4.577000141143799,328252.5625,4689524.0,19,T
1697467249.2636616,414,162424,799999999,GPS1_Frame,5,42.339027404785156,-71.0848617553711,4.577000141143799,328252.5625,4689524.0,19,T
1697467249.3360856,415,162425,799999999,GPS1_Frame,5,42.339027404785156,-71.0848617553711,4.565999984741211,328252.5625,4689524.0,19,T
1697467249.4085186,416,162426,799999999,GPS1_Frame,5,42.339027404785156,-71.0848617553711,4.545000076293945,328252.5625,4689524.0,19,T
1697467249.48076,417,162427,799999999,GPS1_Frame,5,42.339027404785156,-71.0848617553711,4.539999961853027,328252.5625,4689524.0,19,T
1697467249.5537221,418,162428,799999999,GPS1_Frame,5,42.339027404785156,-71.0848617553711,4.534999847412109,328252.5625,4689524.0,19,T
1697467249.6263318,419,162429,799999999,GPS1_Frame,5,42.339027404785156,-71.0848617553711,4.534999847412109,328252.5625,4689524.0,19,T
1697467249.6988575,420,162430,799999999,GPS1_Frame,5,42.339027404785156,-71.0848617553711,4.5279998779296875,328252.5625,4689524.0,19,T
1697467249.771287,421,162431,799999999,GPS1_Frame,5,42.339027404785156,-71.0848617553711,4.519000053405762,328252.59375,4689524.0,19,T
1697467249.8441713,422,162432,799999999,GPS1_Frame,5,42.339027404785156,-71.0848617553711,4.504000186920166,328252.59375,4689524.0,19,T
1697467249.9162362,423,162433,799999999,GPS1_Frame,5,42.339027404785156,-71.0848617553711,4.5,328252.59375,4689524.0,19,T
1697467249.9887707,424,162434,799999999,GPS1_Frame,5,42.339027404785156,-71.0848617553711,4.488999843597412,328252.59375,4689524.0,19,T
1697467250.0613627,425,162435,799999999,GPS1_Frame,5,42.339027404785156,-71.0848617553711,4.489999771118164,328252.59375,4689524.0,19,T
1697467250.1343377,426,162436,799999999,GPS1_Frame,5,42.339027404785156,-71.0848617553711,4.474999904632568,328252.59375,4689524.0,19,T
1697467250.206756,427,162437,799999999,GPS1_Frame,5,42.339027404785156,-71.0848617553711,4.474999904632568,328252.59375,4689524.0,19,T
1697467250.2799456,428,162438,799999999,GPS1_Frame,5,42.339027404785156,-71.0848617553711,4.4720001220703125,328252.59375,4689524.0,19,T
1697467250.351696,429,162439,799999999,GPS1_Frame,5,42.339027404785156,-71.0848617553711,4.46999979019165,328252.59375,4689524.0,19,T
1697467250.424508,430,162440,799999999,GPS1_Frame,5,42.339027404785156,-71.0848617553711,4.466000080108643,328252.59375,4689524.5,19,T
1697467250.4971776,431,162441,799999999,GPS1_Frame,5,42.339027404785156,-71.0848617553711,4.458000183105469,328252.59375,4689524.5,19,T
1697467250.5696318,432,162442,799999999,GPS1_Frame,5,42.339027404785156,-71.0848617553711,4.455999851226807,328252.59375,4689524.5,19,T
1697467250.641825,433,162443,799999999,GPS1_Frame,5,42.339027404785156,-71.0848617553711,4.442999839782715,328252.625,4689524.5,19,T
1697467250.7145762,434,162444,799999999,GPS1_Frame,5,42.339027404785156,-71.0848617553711,4.435999870300293,328252.625,4689524.5,19,T
1697467250.7869134,435,162445,799999999,GPS1_Frame,5,42.339027404785156,-71.0848617553711,4.425000190734863,328252.625,4689524.5,19,T
1697467250.8600373,436,162446,799999999,GPS1_Frame,5,42.339027404785156,-71.0848617553711,4.406000137329102,328252.625,4689524.5,19,T
1697467250.9325771,437,162447,799999999,GPS1_Frame,5,42.339027404785156,-71.0848617553711,4.40500020980835,328252.625,4689524.5,19,T
1697467251.0049045,438,162448,799999999,GPS1_Frame,5,42.339027404785156,-71.0848617553711,4.40500020980835,328252.625,4689524.5,19,T
1697467251.0776248,439,162449,799999999,GPS1_Frame,5,42.339027404785156,-71.0848617553711,4.40500020980835,328252.59375,4689524.5,19,T
1697467251.1503217,440,162450,799999999,GPS1_Frame,5,42.339027404785156,-71.0848617553711,4.392000198364258,328252.59375,4689524.5,19,T
1697467251.222639,441,162451,799999999,GPS1_Frame,5,42.339027404785156,-71.0848617553711,4.381999969482422,328252.59375,4689524.5,19,T
1697467251.2953157,442,162452,799999999,GPS1_Frame,5,42.339027404785156,-71.0848617553711,4.376999855041504,328252.59375,4689524.5,19,T
1697467251.3676417,443,162453,799999999,GPS1_Frame,5,42.339027404785156,-71.0848617553711,4.368000030517578,328252.59375,4689524.5,19,T
1697467251.4406457,444,162454,799999999,GPS1_Frame,5,42.339027404785156,-71.0848617553711,4.359000205993652,328252.59375,4689524.5,19,T
1697467251.513114,445,162455,799999999,GPS1_Frame,5,42.339027404785156,-71.0848617553711,4.35099983215332,328252.59375,4689524.5,19,T
1697467251.5855443,446,162456,799999999,GPS1_Frame,5,42.339027404785156,-71.0848617553711,4.35099983215332,328252.59375,4689524.5,19,T
1697467251.6582012,447,162457,799999999,GPS1_Frame,5,42.339027404785156,-71.0848617553711,4.3460001945495605,328252.59375,4689524.5,19,T
1697467251.7309582,448,162458,799999999,GPS1_Frame,5,42.339027404785156,-71.0848617553711,4.341000080108643,328252.59375,4689524.5,19,T
1697467251.8033566,449,162459,799999999,GPS1_Frame,5,42.339027404785156,-71.0848617553711,4.331999778747559,328252.59375,4689524.5,19,T
1697467251.876586,450,162500,799999999,GPS1_Frame,5,42.339027404785156,-71.0848617553711,4.327000141143799,328252.59375,4689524.5,19,T
1697467251.9491303,451,162501,799999999,GPS1_Frame,5,42.339027404785156,-71.0848617553711,4.310999870300293,328252.59375,4689524.5,19,T
1697467252.0215344,452,162502,799999999,GPS1_Frame,5,42.339027404785156,-71.0848617553711,4.296000003814697,328252.59375,4689524.5,19,T
1697467252.0942895,453,162503,799999999,GPS1_Frame,5,42.339027404785156,-71.0848617553711,4.290999889373779,328252.59375,4689524.5,19,T
1697467252.1668434,454,162504,799999999,GPS1_Frame,5,42.339027404785156,-71.0848617553711,4.281000137329102,328252.59375,4689524.5,19,T
1697467252.239406,455,162505,799999999,GPS1_Frame,5,42.339027404785156,-71.0848617553711,4.269000053405762,328252.625,4689524.5,19,T
1697467252.312377,456,162506,799999999,GPS1_Frame,5,42.339027404785156,-71.0848617553711,4.25600004196167,328252.625,4689524.5,19,T
1697467252.3848214,457,162507,799999999,GPS1_Frame,5,42.339027404785156,-71.0848617553711,4.236999988555908,328252.625,4689524.5,19,T
1697467252.4574862,458,162508,799999999,GPS1_Frame,5,42.339027404785156,-71.0848617553711,4.228000164031982,328252.625,4689524.5,19,T
1697467252.530227,459,162509,799999999,GPS1_Frame,5,42.339027404785156,-71.0848617553711,4.2220001220703125,328252.625,4689524.5,19,T
1697467252.6030316,460,162510,799999999,GPS1_Frame,5,42.339027404785156,-71.0848617553711,4.21999979019165,328252.625,4689524.5,19,T
1697467252.675826,461,162511,799999999,GPS1_Frame,5,42.339027404785156,-71.0848617553711,4.21999979019165,328252.625,4689524.5,19,T
1697467252.748239,462,162512,799999999,GPS1_Frame,5,42.339027404785156,-71.0848617553711,4.210999965667725,328252.625,4689524.5,19,T
1697467252.821263,463,162513,799999999,GPS1_Frame,5,42.339027404785156,-71.0848617553711,4.203000068664551,328252.625,4689524.5,19,T
1697467252.893958,464,162514,799999999,GPS1_Frame,5,42.339027404785156,-71.0848617553711,4.197000026702881,328252.625,4689524.5,19,T
1697467252.9663477,465,162515,799999999,GPS1_Frame,5,42.339027404785156,-71.0848617553711,4.195000171661377,328252.625,4689524.5,19,T
1697467253.0390263,466,162516,799999999,GPS1_Frame,5,42.339027404785156,-71.0848617553711,4.199999809265137,328252.625,4689524.5,19,T
1697467253.1122627,467,162517,799999999,GPS1_Frame,5,42.339027404785156,-71.0848617553711,4.196000099182129,328252.625,4689524.5,19,T
1697467253.18501,468,162518,799999999,GPS1_Frame,5,42.339027404785156,-71.0848617553711,4.191999912261963,328252.625,4689524.5,19,T
1697467253.2572317,469,162519,799999999,GPS1_Frame,5,42.339027404785156,-71.0848617553711,4.181000232696533,328252.625,4689524.5,19,T
1697467253.329926,470,162520,799999999,GPS1_Frame,5,42.339027404785156,-71.0848617553711,4.178999900817871,328252.625,4689524.5,19,T
1697467253.4022129,471,162521,799999999,GPS1_Frame,5,42.339027404785156,-71.0848617553711,4.170000076293945,328252.625,4689524.5,19,T
1697467253.4748812,472,162522,799999999,GPS1_Frame,5,42.339027404785156,-71.0848617553711,4.165999889373779,328252.625,4689524.5,19,T
1697467253.5475469,473,162523,799999999,GPS1_Frame,5,42.339027404785156,-71.0848617553711,4.1570000648498535,328252.625,4689524.5,19,T
1697467253.6203585,474,162524,799999999,GPS1_Frame,5,42.339027404785156,-71.0848617553711,4.150000095367432,328252.625,4689524.5,19,T
1697467253.693225,475,162525,799999999,GPS1_Frame,5,42.339027404785156,-71.0848617553711,4.138000011444092,328252.625,4689524.5,19,T
1697467253.7654934,476,162526,799999999,GPS1_Frame,5,42.339027404785156,-71.0848617553711,4.133999824523926,328252.65625,4689524.5,19,T
1697467253.8373685,477,162527,799999999,GPS1_Frame,5,42.339027404785156,-71.0848617553711,4.13100004196167,328252.65625,4689524.5,19,T
1697467253.9108315,478,162528,799999999,GPS1_Frame,5,42.339027404785156,-71.0848617553711,4.125999927520752,328252.65625,4689524.5,19,T
1697467253.9834225,479,162529,799999999,GPS1_Frame,5,42.339027404785156,-71.0848617553711,4.120999813079834,328252.65625,4689524.5,19,T
1697467254.0562541,480,162530,799999999,GPS1_Frame,5,42.339027404785156,-71.0848617553711,4.119999885559082,328252.65625,4689524.5,19,T
1697467254.132288,481,162531,799999999,GPS1_Frame,5,42.339027404785156,-71.0848617553711,4.120999813079834,328252.65625,4689524.5,19,T
1697467254.2053394,482,162532,799999999,GPS1_Frame,5,42.339027404785156,-71.0848617553711,4.124000072479248,328252.65625,4689524.5,19,T
1697467254.2781174,483,162533,799999999,GPS1_Frame,5,42.339027404785156,-71.0848617553711,4.120999813079834,328252.65625,4689524.5,19,T
1697467254.350859,484,162534,799999999,GPS1_Frame,5,42.339027404785156,-71.0848617553711,4.117000102996826,328252.65625,4689524.5,19,T
1697467254.4233727,485,162535,799999999,GPS1_Frame,5,42.339027404785156,-71.0848617553711,4.114999771118164,328252.65625,4689524.5,19,T
1697467254.4962008,486,162536,799999999,GPS1_Frame,5,42.339027404785156,-71.0848617553711,4.11299991607666,328252.65625,4689524.5,19,T
1697467254.5685415,487,162537,799999999,GPS1_Frame,5,42.339027404785156,-71.0848617553711,4.104000091552734,328252.6875,4689524.5,19,T
1697467254.6414666,488,162538,799999999,GPS1_Frame,5,42.339027404785156,-71.0848617553711,4.09499979019165,328252.6875,4689524.5,19,T
1697467254.713884,489,162539,799999999,GPS1_Frame,5,42.339027404785156,-71.0848617553711,4.085000038146973,328252.6875,4689524.5,19,T
1697467254.7866297,490,162540,799999999,GPS1_Frame,5,42.339027404785156,-71.0848617553711,4.078000068664551,328252.6875,4689524.5,19,T
1697467254.85938,491,162541,799999999,GPS1_Frame,5,42.339027404785156,-71.0848617553711,4.073999881744385,328252.6875,4689524.5,19,T
1697467254.9327486,492,162542,799999999,GPS1_Frame,5,42.339027404785156,-71.0848617553711,4.066999912261963,328252.6875,4689524.5,19,T
1697467255.0052724,493,162543,799999999,GPS1_Frame,5,42.339027404785156,-71.0848617553711,4.063000202178955,328252.6875,4689524.5,19,T
1697467255.0776165,494,162544,799999999,GPS1_Frame,5,42.339027404785156,-71.0848617553711,4.059000015258789,328252.6875,4689524.5,19,T
1697467255.1504207,495,162545,799999999,GPS1_Frame,5,42.339027404785156,-71.0848617553711,4.059999942779541,328252.6875,4689524.5,19,T
1697467255.2229543,496,162546,799999999,GPS1_Frame,5,42.339027404785156,-71.0848617553711,4.059999942779541,328252.71875,4689524.5,19,T
1697467255.2953491,497,162547,799999999,GPS1_Frame,5,42.339027404785156,-71.0848617553711,4.060999870300293,328252.71875,4689524.5,19,T
1697467255.3675563,498,162548,799999999,GPS1_Frame,5,42.339027404785156,-71.0848617553711,4.052999973297119,328252.71875,4689524.5,19,T
1697467255.4407675,499,162549,799999999,GPS1_Frame,5,42.339027404785156,-71.0848617553711,4.044000148773193,328252.71875,4689524.5,19,T
1697467255.5133724,500,162550,799999999,GPS1_Frame,5,42.339027404785156,-71.0848617553711,4.03000020980835,328252.71875,4689524.5,19,T
1697467255.5857282,501,162551,799999999,GPS1_Frame,5,42.339027404785156,-71.0848617553711,4.025000095367432,328252.71875,4689524.5,19,T
1697467255.6586356,502,162552,799999999,GPS1_Frame,5,42.339027404785156,-71.0848617553711,4.025000095367432,328252.71875,4689524.5,19,T
1697467255.7308753,503,162553,799999999,GPS1_Frame,5,42.339027404785156,-71.0848617553711,4.02400016784668,328252.71875,4689524.5,19,T
1697467255.8036969,504,162554,799999999,GPS1_Frame,5,42.339027404785156,-71.0848617553711,4.014999866485596,328252.71875,4689524.5,19,T
1697467255.8760622,505,162555,799999999,GPS1_Frame,5,42.339027404785156,-71.0848617553711,4.008999824523926,328252.71875,4689524.5,19,T
1697467255.9489543,506,162556,799999999,GPS1_Frame,5,42.339027404785156,-71.0848617553711,4.00600004196167,328252.75,4689524.5,19,T
1697467256.0210512,507,162557,799999999,GPS1_Frame,1,42.33903121948242,-71.0848617553711,1.8650000095367432,328252.53125,4689524.5,19,T
1697467256.0936933,508,162558,799999999,GPS1_Frame,1,42.33903121948242,-71.0848617553711,1.8580000400543213,328252.53125,4689524.5,19,T
1697467256.1661685,509,162559,799999999,GPS1_Frame,1,42.33903121948242,-71.0848617553711,1.8370000123977661,328252.53125,4689524.5,19,T
1697467256.2392204,510,162600,799999999,GPS1_Frame,1,42.33903121948242,-71.0848617553711,1.8270000219345093,328252.53125,4689524.5,19,T
1697467256.3115299,511,162601,799999999,GPS1_Frame,1,42.33903121948242,-71.0848617553711,1.8220000267028809,328252.53125,4689524.5,19,T
1697467256.3844352,512,162602,799999999,GPS1_Frame,1,42.33903121948242,-71.0848617553711,1.8179999589920044,328252.53125,4689524.5,19,T
1697467256.457189,513,162603,799999999,GPS1_Frame,1,42.33903121948242,-71.0848617553711,1.815000057220459,328252.53125,4689524.5,19,T
1697467256.5298793,514,162604,799999999,GPS1_Frame,1,42.33903121948242,-71.0848617553711,1.809000015258789,328252.53125,4689524.5,19,T
1697467256.602502,515,162605,799999999,GPS1_Frame,1,42.33903121948242,-71.0848617553711,1.8020000457763672,328252.53125,4689524.5,19,T
1697467256.6752284,516,162606,799999999,GPS1_Frame,1,42.33903121948242,-71.0848617553711,1.7920000553131104,328252.53125,4689524.5,19,T
1697467256.7478132,517,162607,799999999,GPS1_Frame,1,42.33903121948242,-71.0848617553711,1.784000039100647,328252.53125,4689524.5,19,T
1697467256.820451,518,162608,799999999,GPS1_Frame,1,42.33903121948242,-71.0848617553711,1.7740000486373901,328252.53125,4689524.5,19,T
1697467256.893197,519,162609,799999999,GPS1_Frame,1,42.33903121948242,-71.0848617553711,1.7710000276565552,328252.53125,4689524.5,19,T
1697467256.965751,520,162610,799999999,GPS1_Frame,1,42.33903121948242,-71.0848617553711,1.7730000019073486,328252.53125,4689524.5,19,T
1697467257.0387983,521,162611,799999999,GPS1_Frame,1,42.33903121948242,-71.0848617553711,1.7719999551773071,328252.53125,4689524.5,19,T
1697467257.111399,522,162612,799999999,GPS1_Frame,1,42.33903121948242,-71.0848617553711,1.7740000486373901,328252.53125,4689524.5,19,T
1697467257.1846406,523,162613,799999999,GPS1_Frame,1,42.33903121948242,-71.0848617553711,1.7790000438690186,328252.53125,4689524.5,19,T
1697467257.2575474,524,162614,799999999,GPS1_Frame,1,42.33903121948242,-71.0848617553711,1.7680000066757202,328252.5625,4689524.5,19,T
1697467257.3304448,525,162615,799999999,GPS1_Frame,1,42.33903121948242,-71.0848617553711,1.7669999599456787,328252.5625,4689524.5,19,T
1697467257.4032023,526,162616,799999999,GPS1_Frame,1,42.33903121948242,-71.0848617553711,1.7569999694824219,328252.5625,4689524.5,19,T
1697467257.4752614,527,162617,799999999,GPS1_Frame,1,42.33903121948242,-71.0848617553711,1.7510000467300415,328252.5625,4689524.5,19,T
1697467257.548244,528,162618,799999999,GPS1_Frame,1,42.33903121948242,-71.0848617553711,1.7489999532699585,328252.5625,4689524.5,19,T
1697467257.6205468,529,162619,799999999,GPS1_Frame,1,42.33903121948242,-71.0848617553711,1.7450000047683716,328252.5625,4689524.5,19,T
1697467257.6932402,530,162620,799999999,GPS1_Frame,1,42.33903121948242,-71.0848617553711,1.7489999532699585,328252.5625,4689524.5,19,T
1697467257.765099,531,162621,799999999,GPS1_Frame,1,42.33903121948242,-71.0848617553711,1.75,328252.5625,4689524.5,19,T
1697467257.8374522,532,162622,799999999,GPS1_Frame,1,42.33903121948242,-71.0848617553711,1.746000051498413,328252.59375,4689524.5,19,T
1697467257.9106736,533,162623,799999999,GPS1_Frame,1,42.33903121948242,-71.0848617553711,1.7480000257492065,328252.59375,4689524.5,19,T
1697467257.9829235,534,162624,799999999,GPS1_Frame,1,42.33903121948242,-71.0848617553711,1.746000051498413,328252.59375,4689524.5,19,T
1697467258.0559433,535,162625,799999999,GPS1_Frame,1,42.33903121948242,-71.0848617553711,1.7450000047683716,328252.59375,4689524.5,19,T
1697467258.1289685,536,162626,799999999,GPS1_Frame,1,42.33903121948242,-71.0848617553711,1.7369999885559082,328252.59375,4689524.5,19,T
1697467258.201375,537,162627,799999999,GPS1_Frame,1,42.33903121948242,-71.0848617553711,1.7309999465942383,328252.59375,4689524.5,19,T
1697467258.2737863,538,162628,799999999,GPS1_Frame,1,42.33903121948242,-71.0848617553711,1.722000002861023,328252.59375,4689524.5,19,T
1697467258.3468702,539,162629,799999999,GPS1_Frame,1,42.33903121948242,-71.0848617553711,1.7209999561309814,328252.59375,4689524.5,19,T
1697467258.4188206,540,162630,799999999,GPS1_Frame,1,42.33903121948242,-71.0848617553711,1.7200000286102295,328252.59375,4689524.5,19,T
1697467258.4916868,541,162631,799999999,GPS1_Frame,1,42.33903121948242,-71.0848617553711,1.7309999465942383,328252.59375,4689524.5,19,T
1697467258.5642443,542,162632,799999999,GPS1_Frame,1,42.33903121948242,-71.0848617553711,1.7380000352859497,328252.59375,4689524.5,19,T
1697467258.636739,543,162633,799999999,GPS1_Frame,1,42.33903121948242,-71.0848617553711,1.7519999742507935,328252.59375,4689524.5,19,T
1697467258.7095718,544,162634,799999999,GPS1_Frame,1,42.33903121948242,-71.0848617553711,1.7649999856948853,328252.59375,4689524.5,19,T
1697467258.7819507,545,162635,799999999,GPS1_Frame,1,42.33903121948242,-71.0848617553711,1.7710000276565552,328252.59375,4689524.5,19,T
1697467258.854455,546,162636,799999999,GPS1_Frame,1,42.33903121948242,-71.0848617553711,1.7790000438690186,328252.5625,4689524.5,19,T
1697467258.9269073,547,162637,799999999,GPS1_Frame,1,42.33903121948242,-71.0848617553711,1.781000018119812,328252.5625,4689524.5,19,T
1697467259.0001512,548,162638,799999999,GPS1_Frame,1,42.33903121948242,-71.0848617553711,1.784000039100647,328252.5625,4689524.5,19,T
1697467259.0726016,549,162639,799999999,GPS1_Frame,1,42.33903121948242,-71.0848617553711,1.7869999408721924,328252.5625,4689524.5,19,T
1697467259.1454957,550,162640,799999999,GPS1_Frame,1,42.33903121948242,-71.0848617553711,1.7899999618530273,328252.5625,4689524.5,19,T
1697467259.217987,551,162641,799999999,GPS1_Frame,1,42.33903121948242,-71.0848617553711,1.7920000553131104,328252.5625,4689524.5,19,T
1697467259.2905834,552,162642,799999999,GPS1_Frame,1,42.33903121948242,-71.0848617553711,1.7990000247955322,328252.53125,4689524.5,19,T
1697467259.363099,553,162643,799999999,GPS1_Frame,1,42.33903121948242,-71.0848617553711,1.7960000038146973,328252.53125,4689524.5,19,T
1697467259.4354045,554,162644,799999999,GPS1_Frame,1,42.33903121948242,-71.0848617553711,1.7990000247955322,328252.53125,4689524.5,19,T
1697467259.5084255,555,162645,799999999,GPS1_Frame,1,42.33903121948242,-71.0848617553711,1.8040000200271606,328252.53125,4689524.5,19,T
1697467259.58039,556,162646,799999999,GPS1_Frame,1,42.33903121948242,-71.0848617553711,1.8070000410079956,328252.53125,4689524.5,19,T
1697467259.653384,557,162647,799999999,GPS1_Frame,1,42.33903121948242,-71.0848617553711,1.8049999475479126,328252.53125,4689524.5,19,T
1697467259.725755,558,162648,799999999,GPS1_Frame,1,42.33903121948242,-71.0848617553711,1.8070000410079956,328252.5,4689524.5,19,T
1697467259.7984085,559,162649,799999999,GPS1_Frame,1,42.33903121948242,-71.0848617553711,1.8020000457763672,328252.5,4689524.5,19,T
1697467259.8708162,560,162650,799999999,GPS1_Frame,1,42.33903121948242,-71.0848617553711,1.8020000457763672,328252.5,4689524.5,19,T
1697467259.9433904,561,162651,799999999,GPS1_Frame,1,42.33903121948242,-71.0848617553711,1.8009999990463257,328252.5,4689524.5,19,T
1697467260.0158257,562,162652,799999999,GPS1_Frame,1,42.33903121948242,-71.0848617553711,1.8029999732971191,328252.5,4689524.5,19,T
1697467260.088216,563,162653,799999999,GPS1_Frame,1,42.33903121948242,-71.0848617553711,1.8079999685287476,328252.5,4689524.5,19,T
1697467260.1612587,564,162654,799999999,GPS1_Frame,1,42.33903121948242,-71.0848617553711,1.812999963760376,328252.5,4689524.5,19,T
1697467260.2335231,565,162655,799999999,GPS1_Frame,1,42.33903121948242,-71.0848617553711,1.8170000314712524,328252.5,4689524.5,19,T
1697467260.3060443,566,162656,799999999,GPS1_Frame,1,42.33903121948242,-71.0848617553711,1.8209999799728394,328252.5,4689524.5,19,T
1697467260.3786087,567,162657,799999999,GPS1_Frame,1,42.33903121948242,-71.0848617553711,1.8259999752044678,328252.5,4689524.5,19,T
1697467260.4518254,568,162658,799999999,GPS1_Frame,1,42.33903121948242,-71.0848617553711,1.8240000009536743,328252.53125,4689524.5,19,T
1697467260.5244548,569,162659,799999999,GPS1_Frame,1,42.33903121948242,-71.0848617553711,1.8200000524520874,328252.53125,4689524.5,19,T
1697467260.5974002,570,162700,799999999,GPS1_Frame,1,42.33903121948242,-71.0848617553711,1.8200000524520874,328252.53125,4689524.5,19,T
1697467260.669618,571,162701,799999999,GPS1_Frame,1,42.33903121948242,-71.0848617553711,1.8339999914169312,328252.53125,4689524.5,19,T
1697467260.7425106,572,162702,799999999,GPS1_Frame,1,42.33903121948242,-71.0848617553711,1.843999981880188,328252.53125,4689524.5,19,T
1697467260.814945,573,162703,799999999,GPS1_Frame,1,42.33903121948242,-71.0848617553711,1.8509999513626099,328252.53125,4689524.5,19,T
1697467260.8881037,574,162704,799999999,GPS1_Frame,1,42.33903121948242,-71.0848617553711,1.8589999675750732,328252.53125,4689524.5,19,T
1697467260.9607704,575,162705,799999999,GPS1_Frame,1,42.33903121948242,-71.0848617553711,1.8619999885559082,328252.53125,4689524.5,19,T
1697467261.0330153,576,162706,799999999,GPS1_Frame,1,42.33903121948242,-71.0848617553711,1.8700000047683716,328252.5,4689524.5,19,T
1697467261.1057675,577,162707,799999999,GPS1_Frame,1,42.33903121948242,-71.0848617553711,1.8609999418258667,328252.5,4689524.5,19,T
1697467261.178675,578,162708,799999999,GPS1_Frame,1,42.33903121948242,-71.0848617553711,1.8519999980926514,328252.5,4689524.5,19,T
1697467261.2514448,579,162709,799999999,GPS1_Frame,1,42.33903121948242,-71.0848617553711,1.8420000076293945,328252.5,4689524.5,19,T
1697467261.32419,580,162710,799999999,GPS1_Frame,1,42.33903121948242,-71.0848617553711,1.8339999914169312,328252.46875,4689524.5,19,T
1697467261.3967047,581,162711,799999999,GPS1_Frame,1,42.33903121948242,-71.0848617553711,1.8279999494552612,328252.46875,4689524.5,19,T
1697467261.4693666,582,162712,799999999,GPS1_Frame,1,42.33903121948242,-71.0848617553711,1.8279999494552612,328252.46875,4689524.5,19,T
1697467261.5417886,583,162713,799999999,GPS1_Frame,1,42.33903121948242,-71.0848617553711,1.8320000171661377,328252.46875,4689524.5,19,T
1697467261.6144283,584,162714,799999999,GPS1_Frame,1,42.33903121948242,-71.0848617553711,1.8370000123977661,328252.46875,4689524.5,19,T
1697467261.6870012,585,162715,799999999,GPS1_Frame,1,42.33903121948242,-71.0848617553711,1.8509999513626099,328252.4375,4689524.5,19,T
1697467261.7600348,586,162716,799999999,GPS1_Frame,1,42.33903121948242,-71.0848617553711,1.8660000562667847,328252.4375,4689524.5,19,T
1697467261.8326683,587,162717,799999999,GPS1_Frame,1,42.33903121948242,-71.0848617553711,1.871999979019165,328252.4375,4689524.5,19,T
1697467261.9054036,588,162718,799999999,GPS1_Frame,5,42.339027404785156,-71.0848617553711,4.322000026702881,328252.59375,4689524.0,19,T
1697467261.9780567,589,162719,799999999,GPS1_Frame,5,42.33902359008789,-71.0848617553711,4.630000114440918,328252.5625,4689524.0,19,T
1697467262.0505412,590,162720,799999999,GPS1_Frame,5,42.33902359008789,-71.0848617553711,4.598999977111816,328252.625,4689524.0,19,T
1697467262.122991,591,162721,799999999,GPS1_Frame,5,42.33902359008789,-71.0848617553711,4.688000202178955,328252.625,4689524.0,19,T
1697467262.1959138,592,162722,799999999,GPS1_Frame,5,42.33902359008789,-71.0848617553711,4.741000175476074,328252.625,4689524.0,19,T
1697467262.2688317,593,162723,799999999,GPS1_Frame,5,42.33902359008789,-71.0848617553711,4.7769999504089355,328252.625,4689523.5,19,T
1697467262.3411083,594,162724,799999999,GPS1_Frame,5,42.33902359008789,-71.0848617553711,4.809999942779541,328252.59375,4689523.5,19,T
1697467262.4135847,595,162725,799999999,GPS1_Frame,5,42.33902359008789,-71.0848617553711,4.810999870300293,328252.59375,4689523.5,19,T
1697467262.486331,596,162726,799999999,GPS1_Frame,5,42.33902359008789,-71.0848617553711,4.771999835968018,328252.59375,4689523.5,19,T
1697467262.558511,597,162727,799999999,GPS1_Frame,5,42.33902359008789,-71.0848617553711,4.73799991607666,328252.59375,4689523.5,19,T
1697467262.6320693,598,162728,799999999,GPS1_Frame,5,42.33902359008789,-71.0848617553711,4.73199987411499,328252.59375,4689523.5,19,T
1697467262.7039926,599,162729,799999999,GPS1_Frame,5,42.33902359008789,-71.0848617553711,4.789000034332275,328252.59375,4689523.5,19,T
1697467262.7765675,600,162730,799999999,GPS1_Frame,5,42.33902359008789,-71.0848617553711,4.835999965667725,328252.59375,4689523.5,19,T
1697467262.8492737,601,162731,799999999,GPS1_Frame,5,42.33902359008789,-71.0848617553711,4.86299991607666,328252.59375,4689523.5,19,T
1697467262.9221106,602,162732,799999999,GPS1_Frame,5,42.33902359008789,-71.0848617553711,4.88100004196167,328252.59375,4689524.0,19,T
1697467262.994552,603,162733,799999999,GPS1_Frame,5,42.33902359008789,-71.0848617553711,4.892000198364258,328252.59375,4689524.0,19,T
1697467263.067346,604,162734,799999999,GPS1_Frame,5,42.33902359008789,-71.0848617553711,4.942999839782715,328252.59375,4689524.0,19,T
1697467263.1400213,605,162735,799999999,GPS1_Frame,5,42.33902359008789,-71.0848617553711,4.986999988555908,328252.59375,4689524.0,19,T
1697467263.2124119,606,162736,799999999,GPS1_Frame,5,42.33902359008789,-71.0848617553711,4.916999816894531,328252.625,4689524.0,19,T
1697467263.2852416,607,162737,799999999,GPS1_Frame,5,42.33902359008789,-71.0848617553711,4.985000133514404,328252.625,4689524.0,19,T
1697467263.3577242,608,162738,799999999,GPS1_Frame,5,42.33902359008789,-71.0848617553711,4.997000217437744,328252.65625,4689524.0,19,T
1697467263.4302616,609,162739,799999999,GPS1_Frame,5,42.33902359008789,-71.0848617553711,4.979000091552734,328252.65625,4689524.0,19,T
1697467263.502849,610,162740,799999999,GPS1_Frame,5,42.33902359008789,-71.0848617553711,4.918000221252441,328252.65625,4689524.0,19,T
1697467263.575405,611,162741,799999999,GPS1_Frame,5,42.33902359008789,-71.0848617553711,4.85099983215332,328252.71875,4689524.0,19,T
1697467263.6482441,612,162742,799999999,GPS1_Frame,5,42.33902359008789,-71.0848617553711,4.791999816894531,328252.75,4689524.0,19,T
1697467263.7203875,613,162743,799999999,GPS1_Frame,5,42.33902359008789,-71.0848617553711,4.728000164031982,328252.78125,4689524.0,19,T
1697467263.793244,614,162744,799999999,GPS1_Frame,5,42.33902359008789,-71.0848617553711,4.696000099182129,328252.78125,4689524.0,19,T
1697467263.8659449,615,162745,799999999,GPS1_Frame,5,42.33902359008789,-71.0848617553711,4.677000045776367,328252.78125,4689524.0,19,T
1697467263.9389415,616,162746,799999999,GPS1_Frame,5,42.33902359008789,-71.0848617553711,4.675000190734863,328252.78125,4689524.0,19,T
1697467264.0117896,617,162747,799999999,GPS1_Frame,5,42.33902359008789,-71.0848617553711,4.6579999923706055,328252.78125,4689524.0,19,T
1697467264.084375,618,162748,799999999,GPS1_Frame,5,42.33902359008789,-71.0848617553711,4.616000175476074,328252.78125,4689524.0,19,T
1697467264.157371,619,162749,799999999,GPS1_Frame,5,42.33902359008789,-71.0848617553711,4.583000183105469,328252.75,4689524.0,19,T
1697467264.2297509,620,162750,799999999,GPS1_Frame,5,42.33902359008789,-71.0848617553711,4.534999847412109,328252.75,4689524.0,19,T
1697467264.302332,621,162751,799999999,GPS1_Frame,5,42.33902359008789,-71.0848617553711,4.479000091552734,328252.75,4689524.0,19,T
1697467264.3741736,622,162752,799999999,GPS1_Frame,5,42.33902359008789,-71.0848617553711,4.426000118255615,328252.75,4689524.0,19,T
1697467264.4494102,623,161702,799999999,GPS1_Frame,5,42.339027404785156,-71.0848617553711,4.111999988555908,328252.59375,4689524.5,19,T
1697467264.5224934,624,161703,799999999,GPS1_Frame,5,42.339027404785156,-71.0848617553711,4.107999801635742,328252.59375,4689524.5,19,T
1697467264.5948987,625,161704,799999999,GPS1_Frame,5,42.339027404785156,-71.0848617553711,4.0960001945495605,328252.625,4689524.5,19,T
1697467264.667656,626,161705,799999999,GPS1_Frame,5,42.339027404785156,-71.0848617553711,4.1020002365112305,328252.59375,4689524.5,19,T
1697467264.7403255,627,161706,799999999,GPS1_Frame,5,42.339027404785156,-71.0848617553711,4.104000091552734,328252.625,4689524.5,19,T
1697467264.812706,628,161707,799999999,GPS1_Frame,5,42.339027404785156,-71.0848617553711,4.10699987411499,328252.625,4689524.5,19,T
1697467264.8854024,629,161708,799999999,GPS1_Frame,5,42.339027404785156,-71.0848617553711,4.105999946594238,328252.625,4689524.5,19,T
